timestamp,state,arduino_duration,motor_1_position,motor_2_position,I_ivp_1,V_ivp_1,P_ivp_1,t_relative
1650901341.145602,1111,5.204,90,90,0.027,6.018,0.170,0.0
1650901343.212998,1111,20.706,0,0,0.025,5.490,0.140,2.0673959255218506
1650901343.552768,1111,0.338,0,5,0.027,5.871,0.170,2.407166004180908
1650901343.892214,1111,0.338,0,10,0.029,5.885,0.170,2.746612071990967
1650901344.231992,1111,0.338,0,15,0.029,6.004,0.170,3.0863900184631348
1650901344.572629,1111,0.338,0,20,0.030,6.025,0.180,3.4270269870758057
1650901344.912368,1111,0.339,0,25,0.030,6.059,0.180,3.76676607131958
1650901345.257308,1111,0.338,0,30,0.030,6.095,0.180,4.111706018447876
1650901345.597569,1111,0.338,0,35,0.029,6.115,0.180,4.451967000961304
1650901345.936297,1111,0.338,0,40,0.030,6.098,0.180,4.790694952011108
1650901346.2771242,1111,0.338,0,45,0.030,6.114,0.180,5.131522178649902
1650901346.6164439,1111,0.338,0,50,0.029,6.148,0.180,5.470841884613037
1650901346.9562318,1111,0.338,0,55,0.030,6.103,0.180,5.810629844665527
1650901347.2964852,1111,0.339,0,60,0.030,6.125,0.180,6.150883197784424
1650901347.636689,1111,0.338,0,65,0.031,6.149,0.190,6.491086959838867
1650901347.975689,1111,0.338,0,70,0.030,6.196,0.170,6.830086946487427
1650901348.315339,1111,0.339,0,75,0.027,6.160,0.150,7.169737100601196
1650901348.657909,1111,0.338,0,80,0.025,5.703,0.140,7.5123069286346436
1650901348.996599,1111,0.338,0,85,0.025,5.690,0.140,7.850996971130371
1650901349.336621,1111,0.339,0,90,0.026,5.668,0.150,8.191019058227539
1650901349.6821618,1111,0.338,0,95,0.026,5.635,0.150,8.536559820175171
1650901350.02016,1111,0.338,0,100,0.024,5.606,0.130,8.874557971954346
1650901350.359304,1111,0.339,0,105,0.026,5.558,0.140,9.213701963424683
1650901350.69953,1111,0.339,0,110,0.025,5.486,0.140,9.553927898406982
1650901351.045077,1111,0.339,0,115,0.024,5.398,0.130,9.89947509765625
1650901351.3835251,1111,0.340,0,120,0.022,5.343,0.120,10.23792314529419
1650901351.7233732,1111,0.339,0,125,0.021,5.145,0.120,10.577771186828613
1650901352.067827,1111,0.339,0,130,0.022,5.111,0.120,10.922224998474121
1650901352.4075541,1111,0.340,0,135,0.019,4.916,0.090,11.26195216178894
1650901352.748238,1111,0.339,0,140,0.021,4.998,0.100,11.602636098861694
1650901353.092226,1111,0.339,0,145,0.021,5.013,0.100,11.946624040603638
1650901353.4312708,1111,0.340,0,150,0.020,5.224,0.100,12.285668849945068
1650901353.771826,1111,0.339,0,155,0.021,4.986,0.100,12.626224040985107
1650901354.116211,1111,0.339,0,160,0.021,5.009,0.100,12.970608949661255
1650901354.4561129,1111,0.339,0,165,0.021,5.025,0.100,13.310510873794556
1650901354.7956538,1111,0.339,0,170,0.022,5.044,0.120,13.650051832199097
1650901355.139341,1111,0.339,0,175,0.021,5.063,0.100,13.993739128112793
1650901355.479417,1111,0.339,0,180,0.021,5.066,0.100,14.333815097808838
1650901357.621584,1111,2.141,5,0,0.026,5.499,0.140,16.475981950759888
1650901357.9611478,1111,0.337,5,5,0.024,5.459,0.130,16.815545797348022
1650901358.301703,1111,0.338,5,10,0.024,5.631,0.130,17.15610098838806
1650901358.641228,1111,0.338,5,15,0.026,5.526,0.140,17.495625972747803
1650901358.981159,1111,0.338,5,20,0.024,5.564,0.130,17.835556983947754
1650901359.320856,1111,0.338,5,25,0.025,5.600,0.140,18.175254106521606
1650901359.660864,1111,0.338,5,30,0.026,5.638,0.150,18.515262126922607
1650901360.000941,1111,0.338,5,35,0.025,5.655,0.140,18.85533905029297
1650901360.3405309,1111,0.338,5,40,0.026,5.675,0.150,19.194928884506226
1650901360.6811972,1111,0.338,5,45,0.025,5.690,0.140,19.535595178604126
1650901361.021348,1111,0.338,5,50,0.027,5.709,0.150,19.87574601173401
1650901361.361748,1111,0.338,5,55,0.026,5.724,0.150,20.216145992279053
1650901361.7043781,1111,0.339,5,60,0.026,5.730,0.150,20.558776140213013
1650901362.0448341,1111,0.338,5,65,0.026,5.735,0.150,20.899232149124146
1650901362.3856761,1111,0.338,5,70,0.025,5.738,0.140,21.240074157714844
1650901362.7249799,1111,0.339,5,75,0.027,5.731,0.150,21.57937788963318
1650901363.065015,1111,0.338,5,80,0.029,5.723,0.150,21.919413089752197
1650901363.4050481,1111,0.338,5,85,0.024,5.708,0.140,22.259446144104004
1650901363.745009,1111,0.338,5,90,0.027,5.679,0.150,22.599406957626343
1650901364.084797,1111,0.338,5,95,0.026,5.653,0.150,22.939194917678833
1650901364.424375,1111,0.338,5,100,0.026,5.623,0.150,23.278773069381714
1650901364.764291,1111,0.339,5,105,0.025,5.578,0.140,23.61868906021118
1650901365.108778,1111,0.339,5,110,0.025,5.498,0.140,23.963176012039185
1650901365.448242,1111,0.339,5,115,0.025,5.506,0.140,24.302639961242676
1650901365.788368,1111,0.340,5,120,0.025,5.458,0.130,24.642765998840332
1650901366.132488,1111,0.339,5,125,0.021,5.140,0.120,24.986886024475098
1650901366.471993,1111,0.339,5,130,0.019,4.978,0.090,25.326390981674194
1650901366.8119009,1111,0.340,5,135,0.019,4.850,0.090,25.666298866271973
1650901367.155783,1111,0.339,5,140,0.020,4.799,0.090,26.010180950164795
1650901367.497708,1111,0.339,5,145,0.019,4.809,0.090,26.35210609436035
1650901367.83627,1111,0.340,5,150,0.020,4.838,0.100,26.6906681060791
1650901368.1808078,1111,0.339,5,155,0.021,4.868,0.100,27.035205841064453
1650901368.519765,1111,0.339,5,160,0.020,4.888,0.100,27.374162912368774
1650901368.859775,1111,0.339,5,165,0.019,4.907,0.090,27.714173078536987
1650901369.204802,1111,0.339,5,170,0.020,4.936,0.100,28.059200048446655
1650901369.543819,1111,0.339,5,175,0.020,4.960,0.100,28.39821696281433
1650901369.8833961,1111,0.339,5,180,0.019,4.986,0.090,28.737794160842896
1650901372.030294,1111,2.141,10,0,0.026,5.746,0.150,30.884691953659058
1650901372.36976,1111,0.338,10,5,0.024,5.799,0.140,31.22415804862976
1650901372.7104309,1111,0.339,10,10,0.024,5.771,0.140,31.564828872680664
1650901373.04959,1111,0.339,10,15,0.029,5.971,0.170,31.903988122940063
1650901373.393611,1111,0.339,10,20,0.030,6.023,0.180,32.24800896644592
1650901373.733862,1111,0.339,10,25,0.027,6.034,0.170,32.58825993537903
1650901374.074592,1111,0.339,10,30,0.029,6.056,0.180,32.92899012565613
1650901374.418209,1111,0.340,10,35,0.029,6.089,0.180,33.27260708808899
1650901374.758496,1111,0.339,10,40,0.029,6.091,0.180,33.61289405822754
1650901375.097735,1111,0.339,10,45,0.030,5.910,0.180,33.95213294029236
1650901375.441226,1111,0.340,10,50,0.029,6.070,0.140,34.295624017715454
1650901375.781363,1111,0.339,10,55,0.025,5.729,0.140,34.63576102256775
1650901376.1217978,1111,0.339,10,60,0.027,5.743,0.150,34.97619581222534
1650901376.465315,1111,0.340,10,65,0.026,5.748,0.150,35.31971311569214
1650901376.806272,1111,0.339,10,70,0.026,5.738,0.150,35.660670042037964
1650901377.1454341,1111,0.339,10,75,0.026,5.739,0.150,35.99983215332031
1650901377.4899552,1111,0.339,10,80,0.027,5.725,0.150,36.34435319900513
1650901377.829586,1111,0.339,10,85,0.027,5.961,0.170,36.68398404121399
1650901378.169935,1111,0.340,10,90,0.030,5.905,0.180,37.024333000183105
1650901378.514097,1111,0.339,10,95,0.029,6.034,0.180,37.36849498748779
1650901378.853398,1111,0.339,10,100,0.029,5.643,0.170,37.70779609680176
1650901379.19839,1111,0.340,10,105,0.026,5.588,0.140,38.0527880191803
1650901379.537266,1111,0.340,10,110,0.025,5.523,0.140,38.391664028167725
1650901379.881175,1111,0.341,10,115,0.024,5.475,0.130,38.735573053359985
1650901380.221602,1111,0.340,10,120,0.024,5.409,0.130,39.07599997520447
1650901380.566103,1111,0.341,10,125,0.022,5.261,0.120,39.42050099372864
1650901380.910469,1111,0.340,10,130,0.024,5.263,0.130,39.764867067337036
1650901381.2498949,1111,0.340,10,135,0.022,5.019,0.120,40.10429286956787
1650901381.593212,1111,0.340,10,140,0.017,4.851,0.090,40.44760990142822
1650901381.933741,1111,0.340,10,145,0.019,4.823,0.090,40.78813910484314
1650901382.27845,1111,0.340,10,150,0.020,4.835,0.100,41.132848024368286
1650901382.6212852,1111,0.340,10,155,0.019,4.853,0.090,41.47568321228027
1650901382.962346,1111,0.341,10,160,0.019,4.883,0.090,41.81674408912659
1650901383.305252,1111,0.340,10,165,0.020,4.896,0.100,42.15965008735657
1650901383.649409,1111,0.341,10,170,0.020,4.926,0.100,42.503807067871094
1650901383.989234,1111,0.340,10,175,0.021,5.116,0.100,42.843631982803345
1650901384.334751,1111,0.341,10,180,0.020,5.170,0.100,43.189148902893066
1650901386.475659,1111,2.142,15,0,0.024,5.393,0.130,45.33005690574646
1650901386.8158479,1111,0.338,15,5,0.029,5.753,0.170,45.670245885849
1650901387.155689,1111,0.339,15,10,0.027,5.825,0.170,46.01008701324463
1650901387.4995809,1111,0.339,15,15,0.030,5.888,0.180,46.353978872299194
1650901387.839537,1111,0.339,15,20,0.029,5.930,0.170,46.69393491744995
1650901388.1801212,1111,0.340,15,25,0.029,5.677,0.170,47.03451919555664
1650901388.523545,1111,0.339,15,30,0.026,5.604,0.140,47.37794303894043
1650901388.8628411,1111,0.339,15,35,0.025,5.630,0.140,47.71723914146423
1650901389.203062,1111,0.340,15,40,0.025,5.656,0.140,48.05746006965637
1650901389.547575,1111,0.339,15,45,0.027,5.680,0.150,48.4019730091095
1650901389.887657,1111,0.339,15,50,0.027,5.694,0.150,48.74205493927002
1650901390.226951,1111,0.339,15,55,0.026,5.829,0.150,49.08134889602661
1650901390.571465,1111,0.339,15,60,0.026,5.834,0.180,49.42586302757263
1650901390.91171,1111,0.340,15,65,0.027,6.173,0.170,49.76610803604126
1650901391.254956,1111,0.339,15,70,0.030,6.140,0.180,50.10935401916504
1650901391.594912,1111,0.339,15,75,0.030,6.143,0.180,50.449310064315796
1650901391.935597,1111,0.340,15,80,0.029,6.076,0.180,50.789994955062866
1650901392.2789838,1111,0.339,15,85,0.026,6.011,0.150,51.133381843566895
1650901392.6193988,1111,0.339,15,90,0.025,5.683,0.140,51.47379684448242
1650901392.958977,1111,0.340,15,95,0.026,5.673,0.150,51.8133749961853
1650901393.302998,1111,0.339,15,100,0.026,5.651,0.150,52.15739607810974
1650901393.643323,1111,0.341,15,105,0.025,5.609,0.140,52.49772095680237
1650901393.987241,1111,0.340,15,110,0.022,5.561,0.130,52.841639041900635
1650901394.32765,1111,0.340,15,115,0.025,5.505,0.140,53.182048082351685
1650901394.671081,1111,0.340,15,120,0.024,5.653,0.130,53.52547907829285
1650901395.0155032,1111,0.340,15,125,0.024,5.346,0.130,53.869901180267334
1650901395.355745,1111,0.340,15,130,0.022,5.298,0.120,54.210143089294434
1650901395.699709,1111,0.340,15,135,0.022,5.098,0.120,54.55410695075989
1650901396.0386188,1111,0.341,15,140,0.021,5.076,0.100,54.89301681518555
1650901396.383372,1111,0.340,15,145,0.020,4.849,0.100,55.237770080566406
1650901396.727582,1111,0.341,15,150,0.020,4.829,0.100,55.58197999000549
1650901397.066972,1111,0.340,15,155,0.021,4.846,0.100,55.92137002944946
1650901397.411098,1111,0.341,15,160,0.020,4.920,0.100,56.265496015548706
1650901397.751009,1111,0.340,15,165,0.017,4.889,0.090,56.60540699958801
1650901398.095853,1111,0.340,15,170,0.021,4.916,0.100,56.95025110244751
1650901398.438955,1111,0.340,15,175,0.020,4.941,0.100,57.29335308074951
1650901398.7789178,1111,0.340,15,180,0.020,4.964,0.100,57.63331580162048
1650901400.925971,1111,2.142,20,0,0.024,5.282,0.130,59.78036904335022
1650901401.265553,1111,0.338,20,5,0.024,5.199,0.130,60.119951009750366
1650901401.6050692,1111,0.338,20,10,0.024,5.269,0.130,60.45946717262268
1650901401.945436,1111,0.340,20,15,0.022,5.370,0.120,60.79983401298523
1650901402.289197,1111,0.339,20,20,0.022,5.434,0.130,61.14359498023987
1650901402.629101,1111,0.339,20,25,0.025,5.490,0.140,61.48349905014038
1650901402.969692,1111,0.339,20,30,0.025,5.546,0.140,61.824090003967285
1650901403.3126872,1111,0.339,20,35,0.026,6.040,0.150,62.16708517074585
1650901403.65269,1111,0.339,20,40,0.030,6.048,0.180,62.50708794593811
1650901403.993679,1111,0.339,20,45,0.030,6.113,0.180,62.848077058792114
1650901404.336983,1111,0.339,20,50,0.031,6.113,0.190,63.191380977630615
1650901404.6772108,1111,0.340,20,55,0.029,6.121,0.180,63.53160881996155
1650901405.016587,1111,0.339,20,60,0.029,6.098,0.180,63.87098503112793
1650901405.3616939,1111,0.339,20,65,0.029,5.789,0.170,64.2160918712616
1650901405.701733,1111,0.340,20,70,0.031,5.740,0.180,64.55613112449646
1650901406.0413408,1111,0.339,20,75,0.025,5.708,0.140,64.89573884010315
1650901406.384408,1111,0.339,20,80,0.027,5.703,0.150,65.2388060092926
1650901406.727436,1111,0.339,20,85,0.026,5.699,0.150,65.58183407783508
1650901407.064729,1111,0.339,20,90,0.026,5.686,0.150,65.91912698745728
1650901407.408706,1111,0.339,20,95,0.026,5.673,0.150,66.26310396194458
1650901407.748428,1111,0.339,20,100,0.026,5.656,0.150,66.60282611846924
1650901408.092583,1111,0.340,20,105,0.025,5.699,0.150,66.94698095321655
1650901408.4324229,1111,0.340,20,110,0.029,5.875,0.170,67.28682088851929
1650901408.7765791,1111,0.340,20,115,0.024,5.538,0.130,67.63097715377808
1650901409.1209102,1111,0.341,20,120,0.025,5.496,0.140,67.97530817985535
1650901409.461051,1111,0.340,20,125,0.024,5.424,0.130,68.31544899940491
1650901409.8057542,1111,0.341,20,130,0.024,5.405,0.130,68.66015219688416
1650901410.144572,1111,0.340,20,135,0.022,5.234,0.120,68.99897003173828
1650901410.488878,1111,0.341,20,140,0.022,5.216,0.120,69.34327602386475
1650901410.832952,1111,0.340,20,145,0.020,4.970,0.100,69.68735003471375
1650901411.172873,1111,0.340,20,150,0.020,4.906,0.100,70.02727103233337
1650901411.516984,1111,0.340,20,155,0.017,4.846,0.090,70.37138199806213
1650901411.856663,1111,0.340,20,160,0.020,4.861,0.100,70.71106100082397
1650901412.2007449,1111,0.340,20,165,0.020,4.873,0.100,71.05514287948608
1650901412.545275,1111,0.340,20,170,0.020,4.899,0.100,71.3996729850769
1650901412.885207,1111,0.340,20,175,0.021,4.931,0.100,71.73960494995117
1650901413.229459,1111,0.339,20,180,0.019,4.953,0.090,72.08385705947876
1650901415.37099,1111,2.143,25,0,0.022,5.353,0.120,74.22538805007935
1650901415.7145889,1111,0.338,25,5,0.021,5.366,0.130,74.5689868927002
1650901416.0550919,1111,0.338,25,10,0.025,5.364,0.140,74.90948987007141
1650901416.395038,1111,0.340,25,15,0.025,5.689,0.140,75.24943590164185
1650901416.7351308,1111,0.339,25,20,0.027,5.740,0.150,75.589528799057
1650901417.079037,1111,0.339,25,25,0.029,5.808,0.170,75.93343496322632
1650901417.4194849,1111,0.340,25,30,0.029,5.854,0.170,76.27388286590576
1650901417.758788,1111,0.339,25,35,0.029,5.888,0.170,76.61318612098694
1650901418.1022599,1111,0.339,25,40,0.029,5.940,0.170,76.95665788650513
1650901418.4431481,1111,0.339,25,45,0.029,5.795,0.170,77.29754614830017
1650901418.783575,1111,0.339,25,50,0.025,5.903,0.140,77.63797307014465
1650901419.126178,1111,0.339,25,55,0.024,5.649,0.130,77.9805760383606
1650901419.466836,1111,0.339,25,60,0.027,5.673,0.150,78.32123398780823
1650901419.8074722,1111,0.339,25,65,0.027,5.681,0.150,78.66187024116516
1650901420.150282,1111,0.340,25,70,0.026,5.693,0.150,79.00467991828918
1650901420.490614,1111,0.339,25,75,0.026,5.699,0.150,79.34501194953918
1650901420.830341,1111,0.339,25,80,0.025,5.700,0.150,79.684739112854
1650901421.175192,1111,0.340,25,85,0.026,5.868,0.150,80.0295901298523
1650901421.514456,1111,0.339,25,90,0.031,6.093,0.190,80.36885404586792
1650901421.8550441,1111,0.339,25,95,0.029,6.049,0.180,80.70944213867188
1650901422.1983721,1111,0.339,25,100,0.029,5.896,0.170,81.05277013778687
1650901422.538317,1111,0.340,25,105,0.025,5.646,0.140,81.3927149772644
1650901422.8828218,1111,0.341,25,110,0.025,5.615,0.140,81.73721981048584
1650901423.227395,1111,0.340,25,115,0.025,5.583,0.140,82.08179306983948
1650901423.566238,1111,0.341,25,120,0.026,5.550,0.140,82.42063593864441
1650901423.910728,1111,0.340,25,125,0.025,5.480,0.140,82.76512598991394
1650901424.250836,1111,0.340,25,130,0.024,5.504,0.130,83.10523390769958
1650901424.594107,1111,0.340,25,135,0.025,5.351,0.130,83.44850492477417
1650901424.938594,1111,0.340,25,140,0.024,5.315,0.130,83.79299211502075
1650901425.27822,1111,0.340,25,145,0.024,5.138,0.130,84.13261795043945
1650901425.622795,1111,0.340,25,150,0.021,5.070,0.100,84.47719311714172
1650901425.962272,1111,0.340,25,155,0.020,4.940,0.100,84.81666994094849
1650901426.3064692,1111,0.340,25,160,0.020,4.868,0.100,85.16086721420288
1650901426.650877,1111,0.341,25,165,0.020,4.871,0.100,85.50527501106262
1650901426.990883,1111,0.340,25,170,0.021,4.893,0.100,85.84528112411499
1650901427.334511,1111,0.341,25,175,0.021,5.016,0.100,86.18890905380249
1650901427.678831,1111,0.340,25,180,0.021,5.129,0.100,86.53322911262512
1650901429.821549,1111,2.142,30,0,0.020,5.025,0.100,88.67594695091248
1650901430.160291,1111,0.339,30,5,0.024,5.396,0.130,89.01468896865845
1650901430.501034,1111,0.338,30,10,0.024,5.354,0.130,89.35543203353882
1650901430.844639,1111,0.339,30,15,0.025,5.379,0.140,89.69903707504272
1650901431.184594,1111,0.339,30,20,0.022,5.435,0.120,90.03899192810059
1650901431.524466,1111,0.339,30,25,0.025,5.216,0.130,90.3788640499115
1650901431.868164,1111,0.339,30,30,0.022,5.319,0.120,90.72256207466125
1650901432.208506,1111,0.339,30,35,0.024,5.390,0.130,91.06290411949158
1650901432.54829,1111,0.339,30,40,0.025,5.460,0.140,91.40268802642822
1650901432.892318,1111,0.340,30,45,0.024,5.509,0.130,91.74671602249146
1650901433.232706,1111,0.339,30,50,0.025,5.549,0.130,92.08710408210754
1650901433.572744,1111,0.339,30,55,0.025,5.661,0.140,92.42714190483093
1650901433.916489,1111,0.339,30,60,0.027,6.021,0.170,92.77088689804077
1650901434.256564,1111,0.339,30,65,0.029,6.050,0.180,93.1109619140625
1650901434.596617,1111,0.339,30,70,0.029,6.024,0.180,93.45101499557495
1650901434.9399989,1111,0.339,30,75,0.029,6.032,0.170,93.79439687728882
1650901435.280281,1111,0.339,30,80,0.030,6.023,0.180,94.13467907905579
1650901435.620419,1111,0.340,30,85,0.027,5.680,0.150,94.4748170375824
1650901435.9637618,1111,0.339,30,90,0.027,5.675,0.150,94.81815981864929
1650901436.30385,1111,0.339,30,95,0.025,5.674,0.140,95.15824794769287
1650901436.644191,1111,0.340,30,100,0.026,5.665,0.150,95.49858903884888
1650901436.9877791,1111,0.340,30,105,0.026,5.655,0.150,95.84217715263367
1650901437.332117,1111,0.341,30,110,0.026,5.629,0.150,96.18651509284973
1650901437.671608,1111,0.340,30,115,0.026,5.605,0.140,96.52600598335266
1650901438.01567,1111,0.340,30,120,0.026,5.748,0.140,96.8700680732727
1650901438.3558168,1111,0.340,30,125,0.026,5.540,0.140,97.21021485328674
1650901438.700466,1111,0.340,30,130,0.026,5.518,0.140,97.55486392974854
1650901439.044411,1111,0.340,30,135,0.024,5.458,0.130,97.89880895614624
1650901439.3837068,1111,0.340,30,140,0.024,5.441,0.130,98.23810482025146
1650901439.7277231,1111,0.340,30,145,0.022,5.323,0.120,98.58212113380432
1650901440.0683992,1111,0.340,30,150,0.021,5.282,0.120,98.92279720306396
1650901440.4126122,1111,0.340,30,155,0.021,5.150,0.120,99.26701021194458
1650901440.756362,1111,0.340,30,160,0.024,5.056,0.120,99.610759973526
1650901441.0954711,1111,0.341,30,165,0.020,4.981,0.100,99.94986915588379
1650901441.439552,1111,0.340,30,170,0.021,4.906,0.100,100.29395008087158
1650901441.784725,1111,0.341,30,175,0.017,4.911,0.090,100.63912296295166
1650901442.124197,1111,0.340,30,180,0.019,4.925,0.090,100.97859501838684
1650901444.270286,1111,2.142,35,0,0.020,5.031,0.100,103.12468409538269
1650901444.610091,1111,0.339,35,5,0.022,5.056,0.120,103.4644889831543
1650901444.9507751,1111,0.338,35,10,0.020,5.034,0.100,103.80517315864563
1650901445.290207,1111,0.339,35,15,0.021,4.995,0.100,104.14460492134094
1650901445.6338718,1111,0.339,35,20,0.022,4.981,0.090,104.4882698059082
1650901445.9741619,1111,0.339,35,25,0.020,5.036,0.100,104.82855987548828
1650901446.314136,1111,0.339,35,30,0.022,5.505,0.130,105.16853404045105
1650901446.6575549,1111,0.339,35,35,0.024,5.575,0.130,105.51195287704468
1650901446.997438,1111,0.339,35,40,0.026,5.721,0.150,105.85183596611023
1650901447.337607,1111,0.340,35,45,0.026,5.788,0.150,106.19200491905212
1650901447.6815841,1111,0.339,35,50,0.026,5.825,0.150,106.53598213195801
1650901448.0213509,1111,0.339,35,55,0.026,5.870,0.150,106.87574887275696
1650901448.361537,1111,0.340,35,60,0.029,5.905,0.170,107.21593499183655
1650901448.705666,1111,0.339,35,65,0.027,5.706,0.150,107.56006407737732
1650901449.0454469,1111,0.339,35,70,0.025,5.628,0.140,107.89984488487244
1650901449.38505,1111,0.340,35,75,0.026,5.649,0.140,108.23944807052612
1650901449.729444,1111,0.339,35,80,0.026,5.663,0.150,108.58384203910828
1650901450.069064,1111,0.339,35,85,0.025,5.671,0.140,108.9234619140625
1650901450.410125,1111,0.339,35,90,0.026,5.676,0.150,109.26452302932739
1650901450.753933,1111,0.339,35,95,0.026,5.680,0.150,109.60833096504211
1650901451.093318,1111,0.340,35,100,0.025,5.675,0.140,109.94771599769592
1650901451.437553,1111,0.340,35,105,0.026,5.860,0.150,110.29195094108582
1650901451.77774,1111,0.340,35,110,0.027,5.651,0.150,110.63213801383972
1650901452.121151,1111,0.340,35,115,0.027,5.638,0.150,110.97554898262024
1650901452.462214,1111,0.340,35,120,0.026,5.621,0.150,111.31661200523376
1650901452.805673,1111,0.340,35,125,0.024,5.603,0.130,111.66007089614868
1650901453.1504152,1111,0.340,35,130,0.025,5.579,0.140,112.0048131942749
1650901453.489376,1111,0.341,35,135,0.025,5.541,0.140,112.34377408027649
1650901453.833488,1111,0.340,35,140,0.026,5.505,0.140,112.68788599967957
1650901454.177067,1111,0.341,35,145,0.025,5.574,0.140,113.03146505355835
1650901454.5169501,1111,0.340,35,150,0.025,5.378,0.140,113.3713481426239
1650901454.861365,1111,0.341,35,155,0.022,5.306,0.120,113.71576309204102
1650901455.202034,1111,0.340,35,160,0.022,5.228,0.120,114.05643200874329
1650901455.545989,1111,0.340,35,165,0.021,5.181,0.120,114.40038704872131
1650901455.889649,1111,0.340,35,170,0.021,5.074,0.100,114.74404692649841
1650901456.229732,1111,0.340,35,175,0.020,4.978,0.100,115.08413004875183
1650901456.574111,1111,0.339,35,180,0.020,4.949,0.100,115.4285089969635
1650901458.715847,1111,2.142,40,0,0.020,5.145,0.100,117.57024502754211
1650901459.0556228,1111,0.338,40,5,0.024,5.440,0.130,117.91002082824707
1650901459.399127,1111,0.338,40,10,0.024,5.418,0.130,118.25352501869202
1650901459.739563,1111,0.339,40,15,0.024,5.370,0.130,118.5939610004425
1650901460.079926,1111,0.339,40,20,0.024,5.331,0.130,118.93432402610779
1650901460.423786,1111,0.339,40,25,0.024,5.280,0.130,119.27818393707275
1650901460.762928,1111,0.339,40,30,0.024,5.320,0.120,119.61732602119446
1650901461.103461,1111,0.340,40,35,0.025,5.415,0.140,119.95785903930664
1650901461.447306,1111,0.339,40,40,0.024,5.289,0.130,120.30170392990112
1650901461.787592,1111,0.339,40,45,0.026,5.629,0.150,120.64198994636536
1650901462.127294,1111,0.340,40,50,0.024,5.389,0.130,120.98169207572937
1650901462.4711869,1111,0.339,40,55,0.025,5.469,0.140,121.32558488845825
1650901462.811768,1111,0.339,40,60,0.025,5.528,0.140,121.66616606712341
1650901463.150919,1111,0.340,40,65,0.027,5.560,0.150,122.00531697273254
1650901463.4955132,1111,0.339,40,70,0.025,5.606,0.140,122.34991121292114
1650901463.835071,1111,0.339,40,75,0.025,5.634,0.140,122.6894690990448
1650901464.176021,1111,0.339,40,80,0.026,5.818,0.150,123.03041911125183
1650901464.5196679,1111,0.339,40,85,0.026,5.818,0.170,123.37406587600708
1650901464.8593721,1111,0.340,40,90,0.027,6.041,0.170,123.7137701511383
1650901465.198688,1111,0.339,40,95,0.027,5.686,0.150,124.05308604240417
1650901465.543981,1111,0.339,40,100,0.029,5.894,0.170,124.39837908744812
1650901465.882554,1111,0.340,40,105,0.026,5.684,0.150,124.73695206642151
1650901466.227912,1111,0.340,40,110,0.026,5.677,0.150,125.08230996131897
1650901466.567213,1111,0.341,40,115,0.024,5.669,0.140,125.42161107063293
1650901466.910753,1111,0.340,40,120,0.026,5.660,0.150,125.76515102386475
1650901467.255053,1111,0.341,40,125,0.025,5.633,0.140,126.10945105552673
1650901467.595596,1111,0.340,40,130,0.026,5.628,0.150,126.44999408721924
1650901467.93998,1111,0.341,40,135,0.026,5.653,0.140,126.79437804222107
1650901468.283989,1111,0.340,40,140,0.026,5.563,0.140,127.13838696479797
1650901468.6233668,1111,0.340,40,145,0.025,5.520,0.140,127.47776484489441
1650901468.967226,1111,0.340,40,150,0.024,5.485,0.130,127.82162404060364
1650901469.307332,1111,0.340,40,155,0.022,5.434,0.130,128.16173005104065
1650901469.651674,1111,0.340,40,160,0.024,5.385,0.130,128.50607204437256
1650901469.995751,1111,0.340,40,165,0.024,5.340,0.130,128.8501489162445
1650901470.3346188,1111,0.341,40,170,0.022,5.263,0.120,129.18901681900024
1650901470.679133,1111,0.340,40,175,0.025,5.285,0.130,129.53353095054626
1650901471.019052,1111,0.341,40,180,0.022,5.098,0.120,129.87345004081726
1650901473.166085,1111,2.142,45,0,0.019,5.065,0.090,132.02048301696777
1650901473.505707,1111,0.338,45,5,0.025,5.416,0.140,132.3601050376892
1650901473.844664,1111,0.339,45,10,0.025,5.381,0.140,132.69906210899353
1650901474.189402,1111,0.339,45,15,0.022,5.343,0.120,133.04380011558533
1650901474.5288372,1111,0.339,45,20,0.021,5.001,0.100,133.38323521614075
1650901474.8686678,1111,0.340,45,25,0.019,4.994,0.090,133.7230658531189
1650901475.212826,1111,0.339,45,30,0.020,4.936,0.100,134.06722402572632
1650901475.5531929,1111,0.339,45,35,0.019,4.927,0.090,134.40759086608887
1650901475.8939059,1111,0.339,45,40,0.021,5.026,0.100,134.74830389022827
1650901476.237262,1111,0.339,45,45,0.021,5.151,0.120,135.0916600227356
1650901476.576583,1111,0.339,45,50,0.021,5.288,0.120,135.43098092079163
1650901476.9166799,1111,0.339,45,55,0.024,5.388,0.140,135.77107787132263
1650901477.261031,1111,0.339,45,60,0.025,5.828,0.140,136.11542892456055
1650901477.600516,1111,0.340,45,65,0.029,5.875,0.170,136.45491409301758
1650901477.941204,1111,0.339,45,70,0.029,5.933,0.170,136.79560208320618
1650901478.285046,1111,0.339,45,75,0.027,5.949,0.170,137.1394441127777
1650901478.624985,1111,0.340,45,80,0.029,5.970,0.170,137.47938299179077
1650901478.964962,1111,0.339,45,85,0.029,5.663,0.170,137.8193600177765
1650901479.30883,1111,0.339,45,90,0.027,5.677,0.150,138.16322803497314
1650901479.648751,1111,0.339,45,95,0.024,5.689,0.140,138.50314903259277
1650901479.989217,1111,0.339,45,100,0.025,5.696,0.140,138.84361505508423
1650901480.332737,1111,0.341,45,105,0.026,5.701,0.150,139.1871349811554
1650901480.6776268,1111,0.340,45,110,0.025,5.695,0.140,139.53202486038208
1650901481.016929,1111,0.341,45,115,0.026,5.693,0.150,139.87132692337036
1650901481.361538,1111,0.340,45,120,0.026,5.683,0.150,140.21593594551086
1650901481.70141,1111,0.339,45,125,0.026,5.674,0.150,140.55580806732178
1650901482.044783,1111,0.340,45,130,0.027,5.660,0.150,140.89918112754822
1650901482.3890738,1111,0.340,45,135,0.025,5.638,0.140,141.24347186088562
1650901482.7289028,1111,0.340,45,140,0.026,5.634,0.150,141.58330082893372
1650901483.0723772,1111,0.340,45,145,0.025,5.594,0.140,141.92677521705627
1650901483.41221,1111,0.341,45,150,0.027,5.563,0.150,142.26660799980164
1650901483.756448,1111,0.340,45,155,0.024,5.528,0.130,142.61084604263306
1650901484.101088,1111,0.341,45,160,0.026,5.568,0.140,142.95548605918884
1650901484.440508,1111,0.340,45,165,0.025,5.460,0.140,143.2949059009552
1650901484.785646,1111,0.341,45,170,0.022,5.406,0.130,143.64004397392273
1650901485.124222,1111,0.340,45,175,0.022,5.336,0.130,143.97862005233765
1650901485.46887,1111,0.340,45,180,0.022,5.294,0.120,144.32326793670654
1650901487.61456,1111,2.142,50,0,0.022,5.079,0.120,146.46895790100098
1650901487.954842,1111,0.338,50,5,0.020,5.106,0.100,146.80924010276794
1650901488.2946,1111,0.338,50,10,0.021,5.085,0.100,147.14899802207947
1650901488.634772,1111,0.339,50,15,0.020,5.040,0.100,147.4891700744629
1650901488.978982,1111,0.339,50,20,0.020,5.014,0.100,147.83337998390198
1650901489.319603,1111,0.339,50,25,0.021,4.975,0.100,148.17400097846985
1650901489.658756,1111,0.339,50,30,0.020,5.175,0.100,148.5131540298462
1650901490.003167,1111,0.339,50,35,0.024,5.265,0.130,148.85756492614746
1650901490.343282,1111,0.340,50,40,0.024,5.248,0.130,149.19767999649048
1650901490.6822798,1111,0.339,50,45,0.025,5.336,0.130,149.53667783737183
1650901491.027106,1111,0.339,50,50,0.025,5.515,0.140,149.8815040588379
1650901491.366996,1111,0.340,50,55,0.025,5.629,0.140,150.22139406204224
1650901491.706833,1111,0.339,50,60,0.026,5.656,0.150,150.56123089790344
1650901492.0503411,1111,0.339,50,65,0.022,5.780,0.130,150.90473914146423
1650901492.390142,1111,0.339,50,70,0.026,5.528,0.140,151.24453997612
1650901492.730654,1111,0.339,50,75,0.025,5.583,0.140,151.58505201339722
1650901493.074431,1111,0.339,50,80,0.025,5.621,0.140,151.92882895469666
1650901493.414527,1111,0.339,50,85,0.024,5.646,0.130,152.26892495155334
1650901493.754217,1111,0.339,50,90,0.027,5.673,0.150,152.60861492156982
1650901494.099145,1111,0.340,50,95,0.026,5.690,0.150,152.95354294776917
1650901494.438282,1111,0.339,50,100,0.026,5.703,0.150,153.2926800251007
1650901494.783038,1111,0.340,50,105,0.026,5.876,0.150,153.63743591308594
1650901495.1228359,1111,0.340,50,110,0.027,5.714,0.150,153.97723388671875
1650901495.466978,1111,0.340,50,115,0.026,5.714,0.150,154.32137608528137
1650901495.806419,1111,0.340,50,120,0.026,5.708,0.150,154.6608169078827
1650901496.150497,1111,0.340,50,125,0.026,5.710,0.150,155.00489497184753
1650901496.495347,1111,0.341,50,130,0.025,5.696,0.140,155.3497450351715
1650901496.83395,1111,0.340,50,135,0.026,5.696,0.150,155.68834805488586
1650901497.178234,1111,0.341,50,140,0.026,5.674,0.150,156.03263211250305
1650901497.5231528,1111,0.340,50,145,0.027,5.726,0.150,156.3775508403778
1650901497.861987,1111,0.341,50,150,0.024,5.625,0.130,156.7163851261139
1650901498.206448,1111,0.340,50,155,0.025,5.600,0.140,157.06084609031677
1650901498.546227,1111,0.340,50,160,0.024,5.566,0.130,157.40062499046326
1650901498.890235,1111,0.340,50,165,0.026,5.546,0.140,157.74463295936584
1650901499.2341938,1111,0.340,50,170,0.025,5.514,0.140,158.08859181404114
1650901499.574346,1111,0.340,50,175,0.025,5.469,0.140,158.4287440776825
1650901499.91818,1111,0.340,50,180,0.024,5.425,0.130,158.77257800102234
1650901502.060603,1111,2.144,55,0,0.025,5.230,0.130,160.91500091552734
1650901502.3999841,1111,0.338,55,5,0.022,5.506,0.130,161.2543821334839
1650901502.7445178,1111,0.338,55,10,0.022,5.488,0.130,161.5989158153534
1650901503.084225,1111,0.340,55,15,0.024,5.414,0.130,161.93862295150757
1650901503.424299,1111,0.339,55,20,0.024,5.376,0.130,162.27869701385498
1650901503.769023,1111,0.339,55,25,0.024,5.320,0.130,162.6234209537506
1650901504.108874,1111,0.340,55,30,0.022,5.275,0.120,162.96327209472656
1650901504.447865,1111,0.339,55,35,0.022,5.234,0.120,163.30226302146912
1650901504.792641,1111,0.339,55,40,0.024,5.206,0.130,163.647038936615
1650901505.132899,1111,0.339,55,45,0.020,4.885,0.100,163.98729705810547
1650901505.471937,1111,0.339,55,50,0.021,4.941,0.100,164.3263349533081
1650901505.81637,1111,0.339,55,55,0.021,5.129,0.120,164.67076802253723
1650901506.1565282,1111,0.339,55,60,0.022,5.282,0.120,165.01092624664307
1650901506.4956899,1111,0.339,55,65,0.022,5.370,0.120,165.35008788108826
1650901506.8408608,1111,0.340,55,70,0.024,5.483,0.130,165.6952588558197
1650901507.179616,1111,0.339,55,75,0.025,5.550,0.140,166.03401398658752
1650901507.520672,1111,0.339,55,80,0.024,5.681,0.140,166.37507009506226
1650901507.864108,1111,0.339,55,85,0.029,5.995,0.170,166.71850609779358
1650901508.204135,1111,0.339,55,90,0.029,6.009,0.170,167.05853295326233
1650901508.5449111,1111,0.339,55,95,0.027,6.026,0.170,167.3993091583252
1650901508.888221,1111,0.339,55,100,0.026,5.708,0.150,167.74261903762817
1650901509.228139,1111,0.340,55,105,0.026,5.718,0.150,168.08253693580627
1650901509.572563,1111,0.340,55,110,0.026,5.726,0.150,168.4269609451294
1650901509.916204,1111,0.340,55,115,0.026,5.726,0.150,168.77060198783875
1650901510.2556438,1111,0.341,55,120,0.026,5.729,0.150,169.11004185676575
1650901510.5997639,1111,0.340,55,125,0.027,5.728,0.150,169.4541618824005
1650901510.9404109,1111,0.341,55,130,0.027,5.876,0.170,169.7948088645935
1650901511.284249,1111,0.340,55,135,0.026,5.715,0.150,170.13864707946777
1650901511.6281621,1111,0.341,55,140,0.026,5.699,0.150,170.48256015777588
1650901511.967647,1111,0.340,55,145,0.027,5.685,0.150,170.82204508781433
1650901512.31246,1111,0.340,55,150,0.026,5.669,0.150,171.16685795783997
1650901512.6529129,1111,0.340,55,155,0.026,5.655,0.150,171.50731086730957
1650901512.9956968,1111,0.340,55,160,0.025,5.633,0.140,171.85009479522705
1650901513.339733,1111,0.340,55,165,0.027,5.615,0.150,172.19413089752197
1650901513.6796002,1111,0.340,55,170,0.024,5.614,0.130,172.5339982509613
1650901514.0243661,1111,0.340,55,175,0.027,5.548,0.150,172.87876415252686
1650901514.369003,1111,0.340,55,180,0.026,5.523,0.140,173.2234010696411
1650901516.509995,1111,2.142,60,0,0.021,5.099,0.100,175.36439299583435
1650901516.850506,1111,0.338,60,5,0.024,5.448,0.130,175.70490407943726
1650901517.190516,1111,0.338,60,10,0.024,5.431,0.130,176.0449140071869
1650901517.534131,1111,0.340,60,15,0.024,5.384,0.130,176.38852906227112
1650901517.8743591,1111,0.339,60,20,0.019,5.223,0.090,176.72875714302063
1650901518.214972,1111,0.339,60,25,0.020,4.999,0.100,177.0693700313568
1650901518.559411,1111,0.340,60,30,0.021,4.956,0.100,177.41380906105042
1650901518.898864,1111,0.339,60,35,0.021,4.925,0.100,177.75326204299927
1650901519.238074,1111,0.339,60,40,0.020,4.891,0.100,178.09247207641602
1650901519.582039,1111,0.339,60,45,0.020,4.870,0.100,178.43643712997437
1650901519.922567,1111,0.339,60,50,0.019,4.865,0.090,178.7769649028778
1650901520.2616792,1111,0.339,60,55,0.021,5.256,0.120,179.11607718467712
1650901520.6055539,1111,0.339,60,60,0.026,5.411,0.140,179.459951877594
1650901520.946115,1111,0.339,60,65,0.027,5.685,0.150,179.8005130290985
1650901521.286309,1111,0.340,60,70,0.029,5.811,0.170,180.1407070159912
1650901521.629366,1111,0.339,60,75,0.029,5.873,0.170,180.48376393318176
1650901521.96991,1111,0.339,60,80,0.029,5.840,0.170,180.82430791854858
1650901522.30978,1111,0.340,60,85,0.027,5.624,0.150,181.16417789459229
1650901522.653761,1111,0.339,60,90,0.026,5.655,0.150,181.50815892219543
1650901522.9940941,1111,0.339,60,95,0.025,5.681,0.140,181.84849214553833
1650901523.3345332,1111,0.339,60,100,0.026,5.699,0.150,182.18893122673035
1650901523.678196,1111,0.340,60,105,0.027,5.725,0.150,182.5325939655304
1650901524.022054,1111,0.341,60,110,0.026,5.728,0.150,182.87645196914673
1650901524.362058,1111,0.340,60,115,0.029,5.744,0.170,183.21645593643188
1650901524.705687,1111,0.341,60,120,0.027,5.918,0.170,183.56008505821228
1650901525.0495949,1111,0.339,60,125,0.027,5.736,0.150,183.90399289131165
1650901525.3895879,1111,0.341,60,130,0.027,5.735,0.150,184.24398589134216
1650901525.734426,1111,0.340,60,135,0.025,5.724,0.140,184.58882403373718
1650901526.073452,1111,0.340,60,140,0.026,5.720,0.150,184.92785000801086
1650901526.41777,1111,0.340,60,145,0.027,5.706,0.150,185.27216792106628
1650901526.762018,1111,0.340,60,150,0.026,5.703,0.150,185.61641597747803
1650901527.101831,1111,0.340,60,155,0.026,5.685,0.150,185.95622897148132
1650901527.446284,1111,0.340,60,160,0.026,5.830,0.150,186.3006820678711
1650901527.786647,1111,0.341,60,165,0.026,5.703,0.150,186.64104509353638
1650901528.1295629,1111,0.340,60,170,0.027,5.624,0.150,186.9839608669281
1650901528.47371,1111,0.341,60,175,0.026,5.595,0.140,187.32810807228088
1650901528.813628,1111,0.340,60,180,0.026,5.574,0.140,187.66802597045898
1650901530.959876,1111,2.142,65,0,0.021,5.099,0.100,189.8142740726471
1650901531.300111,1111,0.339,65,5,0.020,5.118,0.100,190.1545090675354
1650901531.639859,1111,0.338,65,10,0.020,5.100,0.100,190.4942569732666
1650901531.980274,1111,0.339,65,15,0.022,5.060,0.120,190.83467197418213
1650901532.323256,1111,0.339,65,20,0.020,5.036,0.100,191.17765402793884
1650901532.663771,1111,0.339,65,25,0.020,5.071,0.100,191.518168926239
1650901533.003436,1111,0.340,65,30,0.024,5.016,0.130,191.85783410072327
1650901533.347669,1111,0.339,65,35,0.024,5.295,0.130,192.20206689834595
1650901533.687316,1111,0.339,65,40,0.024,5.225,0.130,192.5417139530182
1650901534.028468,1111,0.340,65,45,0.022,5.204,0.120,192.88286590576172
1650901534.372177,1111,0.339,65,50,0.021,5.177,0.120,193.2265748977661
1650901534.711346,1111,0.339,65,55,0.022,5.190,0.120,193.56574392318726
1650901535.0519402,1111,0.340,65,60,0.024,5.411,0.130,193.90633821487427
1650901535.395342,1111,0.339,65,65,0.026,5.235,0.140,194.24974012374878
1650901535.735578,1111,0.339,65,70,0.024,5.373,0.130,194.5899760723114
1650901536.076041,1111,0.339,65,75,0.024,5.476,0.130,194.93043899536133
1650901536.419292,1111,0.339,65,80,0.025,5.551,0.140,195.27368998527527
1650901536.760129,1111,0.339,65,85,0.025,5.598,0.140,195.6145269870758
1650901537.099794,1111,0.339,65,90,0.024,5.646,0.130,195.95419192314148
1650901537.443379,1111,0.339,65,95,0.025,5.683,0.140,196.29777693748474
1650901537.783246,1111,0.340,65,100,0.026,5.706,0.150,196.6376440525055
1650901538.1272352,1111,0.340,65,105,0.027,6.074,0.170,196.98163318634033
1650901538.467562,1111,0.341,65,110,0.025,5.748,0.140,197.3219599723816
1650901538.812036,1111,0.340,65,115,0.027,5.746,0.150,197.66643404960632
1650901539.155705,1111,0.340,65,120,0.027,5.746,0.150,198.01010298728943
1650901539.495758,1111,0.340,65,125,0.026,5.751,0.150,198.35015606880188
1650901539.839024,1111,0.340,65,130,0.027,5.749,0.150,198.6934220790863
1650901540.1790981,1111,0.340,65,135,0.026,5.749,0.150,199.03349614143372
1650901540.523147,1111,0.340,65,140,0.027,5.741,0.150,199.3775451183319
1650901540.8674061,1111,0.340,65,145,0.029,5.795,0.170,199.7218041419983
1650901541.207396,1111,0.340,65,150,0.027,5.720,0.150,200.06179404258728
1650901541.552372,1111,0.341,65,155,0.026,5.709,0.150,200.40676999092102
1650901541.8964312,1111,0.340,65,160,0.025,5.694,0.140,200.75082921981812
1650901542.235588,1111,0.341,65,165,0.026,5.681,0.150,201.08998608589172
1650901542.579249,1111,0.340,65,170,0.025,5.661,0.140,201.43364691734314
1650901542.919049,1111,0.340,65,175,0.026,5.636,0.150,201.77344703674316
1650901543.2630908,1111,0.340,65,180,0.025,5.619,0.140,202.11748886108398
1650901545.409348,1111,2.143,70,0,0.021,5.439,0.100,204.2637460231781
1650901545.749699,1111,0.339,70,5,0.026,5.503,0.140,204.60409712791443
1650901546.089448,1111,0.338,70,10,0.026,5.503,0.140,204.94384598731995
1650901546.4290931,1111,0.339,70,15,0.025,5.440,0.140,205.28349113464355
1650901546.769431,1111,0.340,70,20,0.024,5.400,0.130,205.62382912635803
1650901547.114142,1111,0.339,70,25,0.024,5.328,0.130,205.9685399532318
1650901547.454277,1111,0.339,70,30,0.025,5.270,0.120,206.30867505073547
1650901547.793581,1111,0.340,70,35,0.022,5.219,0.120,206.6479790210724
1650901548.13681,1111,0.339,70,40,0.022,4.889,0.120,206.99120807647705
1650901548.477161,1111,0.339,70,45,0.022,4.906,0.120,207.3315589427948
1650901548.817554,1111,0.339,70,50,0.020,4.835,0.100,207.67195200920105
1650901549.1609962,1111,0.339,70,55,0.020,4.828,0.100,208.01539421081543
1650901549.5019782,1111,0.339,70,60,0.020,4.920,0.100,208.35637617111206
1650901549.845929,1111,0.339,70,65,0.021,5.124,0.120,208.70032691955566
1650901550.1855412,1111,0.339,70,70,0.024,5.308,0.130,209.03993916511536
1650901550.526099,1111,0.340,70,75,0.024,5.436,0.130,209.38049697875977
1650901550.86975,1111,0.339,70,80,0.026,5.814,0.150,209.72414803504944
1650901551.208713,1111,0.339,70,85,0.025,5.826,0.170,210.06311106681824
1650901551.5489311,1111,0.340,70,90,0.029,5.964,0.170,210.40332913398743
1650901551.893644,1111,0.339,70,95,0.029,5.670,0.170,210.74804210662842
1650901552.233439,1111,0.339,70,100,0.026,5.694,0.150,211.0878369808197
1650901552.577488,1111,0.340,70,105,0.025,5.713,0.140,211.4318859577179
1650901552.9173021,1111,0.340,70,110,0.026,5.723,0.150,211.7717001438141
1650901553.2609532,1111,0.340,70,115,0.026,5.736,0.150,212.11535120010376
1650901553.601439,1111,0.340,70,120,0.026,5.739,0.150,212.45583701133728
1650901553.945376,1111,0.340,70,125,0.027,5.748,0.150,212.7997739315033
1650901554.288755,1111,0.340,70,130,0.027,5.828,0.170,213.1431529521942
1650901554.6294389,1111,0.341,70,135,0.027,5.911,0.140,213.48383688926697
1650901554.973096,1111,0.340,70,140,0.026,5.743,0.150,213.82749390602112
1650901555.313069,1111,0.341,70,145,0.024,5.734,0.140,214.16746711730957
1650901555.657661,1111,0.340,70,150,0.025,5.730,0.140,214.51205897331238
1650901556.000981,1111,0.340,70,155,0.027,5.716,0.150,214.85537910461426
1650901556.340678,1111,0.340,70,160,0.027,5.699,0.150,215.19507598876953
1650901556.685706,1111,0.340,70,165,0.026,5.690,0.150,215.54010391235352
1650901557.029737,1111,0.340,70,170,0.027,5.671,0.150,215.88413500785828
1650901557.369426,1111,0.340,70,175,0.026,5.830,0.150,216.22382402420044
1650901557.714102,1111,0.340,70,180,0.025,5.636,0.140,216.56850004196167
1650901559.855937,1111,2.142,75,0,0.021,5.064,0.100,218.7103350162506
1650901560.195924,1111,0.338,75,5,0.025,5.396,0.130,219.05032205581665
1650901560.538969,1111,0.338,75,10,0.024,5.358,0.130,219.39336705207825
1650901560.8792052,1111,0.339,75,15,0.022,5.344,0.120,219.73360323905945
1650901561.219507,1111,0.339,75,20,0.022,5.001,0.120,220.0739049911499
1650901561.562897,1111,0.339,75,25,0.020,4.965,0.100,220.41729497909546
1650901561.9031491,1111,0.339,75,30,0.020,4.925,0.100,220.75754714012146
1650901562.242558,1111,0.340,75,35,0.019,4.891,0.090,221.09695601463318
1650901562.5872068,1111,0.339,75,40,0.019,4.849,0.090,221.4416048526764
1650901562.9277282,1111,0.339,75,45,0.020,4.813,0.100,221.7821261882782
1650901563.267217,1111,0.340,75,50,0.017,4.880,0.090,222.12161493301392
1650901563.610453,1111,0.339,75,55,0.021,4.855,0.100,222.46485090255737
1650901563.95077,1111,0.339,75,60,0.020,5.118,0.100,222.8051679134369
1650901564.290616,1111,0.339,75,65,0.024,5.310,0.130,223.14501404762268
1650901564.6344352,1111,0.339,75,70,0.026,5.561,0.140,223.48883318901062
1650901564.975605,1111,0.339,75,75,0.026,5.688,0.150,223.83000302314758
1650901565.314467,1111,0.339,75,80,0.025,5.804,0.140,224.16886496543884
1650901565.658589,1111,0.339,75,85,0.024,5.535,0.130,224.51298689842224
1650901565.999132,1111,0.340,75,90,0.022,5.584,0.130,224.85352993011475
1650901566.3389661,1111,0.339,75,95,0.025,5.624,0.140,225.19336414337158
1650901566.683667,1111,0.339,75,100,0.026,5.654,0.150,225.53806495666504
1650901567.022431,1111,0.340,75,105,0.026,5.695,0.150,225.8768289089203
1650901567.366417,1111,0.340,75,110,0.025,5.703,0.140,226.2208149433136
1650901567.711353,1111,0.341,75,115,0.026,5.886,0.150,226.56575107574463
1650901568.0511801,1111,0.340,75,120,0.029,5.730,0.170,226.9055781364441
1650901568.394887,1111,0.341,75,125,0.027,5.734,0.150,227.24928498268127
1650901568.735122,1111,0.339,75,130,0.025,5.738,0.140,227.58951997756958
1650901569.07876,1111,0.341,75,135,0.026,5.739,0.150,227.9331579208374
1650901569.423043,1111,0.340,75,140,0.026,5.739,0.150,228.27744102478027
1650901569.762659,1111,0.340,75,145,0.026,5.738,0.150,228.61705708503723
1650901570.1069162,1111,0.340,75,150,0.026,5.735,0.150,228.96131420135498
1650901570.44731,1111,0.340,75,155,0.027,5.749,0.150,229.30170798301697
1650901570.790792,1111,0.340,75,160,0.029,5.721,0.170,229.64519000053406
1650901571.1345532,1111,0.340,75,165,0.026,5.709,0.150,229.98895120620728
1650901571.4753542,1111,0.341,75,170,0.025,5.698,0.140,230.32975220680237
1650901571.818644,1111,0.340,75,175,0.026,5.680,0.150,230.6730420589447
1650901572.1633012,1111,0.341,75,180,0.025,5.671,0.140,231.01769924163818
1650901574.305342,1111,2.142,80,0,0.021,5.063,0.100,233.1597399711609
1650901574.644865,1111,0.338,80,5,0.022,5.083,0.100,233.499263048172
1650901574.985114,1111,0.339,80,10,0.020,5.073,0.100,233.83951210975647
1650901575.3289258,1111,0.339,80,15,0.021,5.040,0.100,234.18332386016846
1650901575.669004,1111,0.339,80,20,0.021,5.015,0.100,234.5234019756317
1650901576.008824,1111,0.340,80,25,0.021,4.981,0.120,234.86322212219238
1650901576.352628,1111,0.339,80,30,0.021,5.302,0.120,235.20702600479126
1650901576.69249,1111,0.339,80,35,0.024,5.236,0.130,235.54688811302185
1650901577.032514,1111,0.339,80,40,0.022,5.188,0.120,235.88691210746765
1650901577.37645,1111,0.339,80,45,0.024,5.139,0.130,236.23084807395935
1650901577.716276,1111,0.339,80,50,0.021,5.091,0.100,236.57067394256592
1650901578.0562181,1111,0.339,80,55,0.022,5.073,0.120,236.9106161594391
1650901578.400394,1111,0.339,80,60,0.021,4.801,0.100,237.25479197502136
1650901578.7410638,1111,0.340,80,65,0.020,4.996,0.100,237.59546184539795
1650901579.080711,1111,0.339,80,70,0.022,5.166,0.120,237.9351089000702
1650901579.425101,1111,0.339,80,75,0.024,5.344,0.130,238.27949905395508
1650901579.7648351,1111,0.340,80,80,0.025,5.464,0.140,238.6192331314087
1650901580.1041942,1111,0.339,80,85,0.026,5.530,0.140,238.95859217643738
1650901580.449002,1111,0.339,80,90,0.026,5.608,0.140,239.30340003967285
1650901580.789495,1111,0.339,80,95,0.027,5.648,0.150,239.64389300346375
1650901581.128431,1111,0.339,80,100,0.026,5.683,0.150,239.9828290939331
1650901581.4728692,1111,0.341,80,105,0.026,5.821,0.150,240.3272671699524
1650901581.816336,1111,0.340,80,110,0.026,5.729,0.140,240.67073392868042
1650901582.156975,1111,0.341,80,115,0.025,5.735,0.140,241.0113730430603
1650901582.500126,1111,0.340,80,120,0.029,5.761,0.170,241.35452389717102
1650901582.844576,1111,0.340,80,125,0.026,5.750,0.150,241.69897389411926
1650901583.184235,1111,0.340,80,130,0.027,5.764,0.150,242.03863310813904
1650901583.52922,1111,0.340,80,135,0.027,5.759,0.150,242.38361811637878
1650901583.8685691,1111,0.340,80,140,0.026,5.759,0.150,242.72296714782715
1650901584.213008,1111,0.340,80,145,0.027,5.885,0.150,243.06740593910217
1650901584.55619,1111,0.340,80,150,0.026,5.919,0.150,243.41058802604675
1650901584.896141,1111,0.340,80,155,0.026,5.740,0.150,243.75053906440735
1650901585.2414029,1111,0.341,80,160,0.026,5.731,0.150,244.09580087661743
1650901585.58043,1111,0.340,80,165,0.026,5.726,0.150,244.434828042984
1650901585.924951,1111,0.341,80,170,0.026,5.713,0.150,244.77934908866882
1650901586.268451,1111,0.340,80,175,0.027,5.701,0.140,245.12284898757935
1650901586.608862,1111,0.341,80,180,0.025,5.691,0.140,245.46325993537903
1650901588.75457,1111,2.143,85,0,0.022,5.064,0.120,247.60896801948547
1650901589.0941398,1111,0.338,85,5,0.024,5.427,0.130,247.9485378265381
1650901589.434992,1111,0.338,85,10,0.025,5.410,0.140,248.28939008712769
1650901589.774675,1111,0.339,85,15,0.024,5.359,0.130,248.6290729045868
1650901590.1185422,1111,0.339,85,20,0.025,5.324,0.130,248.9729402065277
1650901590.4594188,1111,0.340,85,25,0.024,5.294,0.130,249.31381678581238
1650901590.7989361,1111,0.339,85,30,0.022,5.249,0.120,249.6533341407776
1650901591.1422138,1111,0.339,85,35,0.021,5.221,0.120,249.9966118335724
1650901591.482431,1111,0.340,85,40,0.022,5.171,0.120,250.33682894706726
1650901591.82248,1111,0.339,85,45,0.017,4.861,0.090,250.67687797546387
1650901592.1661508,1111,0.339,85,50,0.020,4.831,0.100,251.0205488204956
1650901592.5067022,1111,0.339,85,55,0.020,4.809,0.100,251.36110019683838
1650901592.846622,1111,0.339,85,60,0.017,4.805,0.090,251.7010200023651
1650901593.190825,1111,0.339,85,65,0.019,4.828,0.090,252.0452229976654
1650901593.530802,1111,0.339,85,70,0.022,5.133,0.120,252.38520002365112
1650901593.875246,1111,0.339,85,75,0.022,5.475,0.130,252.7296440601349
1650901594.214329,1111,0.340,85,80,0.024,5.599,0.150,253.06872701644897
1650901594.5542169,1111,0.339,85,85,0.027,5.888,0.170,253.4086148738861
1650901594.898195,1111,0.339,85,90,0.026,5.954,0.150,253.7525930404663
1650901595.237737,1111,0.340,85,95,0.029,5.824,0.170,254.09213495254517
1650901595.57835,1111,0.339,85,100,0.025,5.714,0.140,254.43274807929993
1650901595.9227781,1111,0.340,85,105,0.026,5.743,0.150,254.7771761417389
1650901596.2623959,1111,0.340,85,110,0.026,5.760,0.150,255.1167938709259
1650901596.605977,1111,0.340,85,115,0.026,5.770,0.150,255.4603750705719
1650901596.950356,1111,0.340,85,120,0.026,5.794,0.150,255.80475401878357
1650901597.290734,1111,0.340,85,125,0.027,5.795,0.150,256.14513206481934
1650901597.634633,1111,0.340,85,130,0.027,5.864,0.170,256.4890310764313
1650901597.9779189,1111,0.340,85,135,0.026,5.806,0.150,256.83231687545776
1650901598.317955,1111,0.341,85,140,0.027,5.810,0.150,257.1723530292511
1650901598.6619048,1111,0.340,85,145,0.027,5.808,0.150,257.5163028240204
1650901599.00213,1111,0.341,85,150,0.027,5.806,0.150,257.85652804374695
1650901599.346408,1111,0.340,85,155,0.026,5.798,0.150,258.2008059024811
1650901599.6898592,1111,0.341,85,160,0.026,5.791,0.150,258.54425716400146
1650901600.030467,1111,0.340,85,165,0.026,5.785,0.150,258.8848650455475
1650901600.373868,1111,0.340,85,170,0.026,5.851,0.150,259.2282660007477
1650901600.7138891,1111,0.340,85,175,0.027,5.809,0.150,259.56828713417053
1650901601.058115,1111,0.340,85,180,0.027,5.753,0.150,259.9125130176544
1650901603.204976,1111,2.142,90,0,0.022,5.114,0.120,262.0593740940094
1650901603.544203,1111,0.338,90,5,0.024,5.421,0.130,262.39860105514526
1650901603.883858,1111,0.338,90,10,0.025,5.403,0.140,262.7382559776306
1650901604.224822,1111,0.339,90,15,0.022,5.130,0.120,263.0792200565338
1650901604.5689979,1111,0.339,90,20,0.022,5.063,0.120,263.4233958721161
1650901604.908308,1111,0.339,90,25,0.021,5.031,0.100,263.76270604133606
1650901605.247818,1111,0.339,90,30,0.019,5.001,0.090,264.1022160053253
1650901605.591795,1111,0.339,90,35,0.020,4.969,0.100,264.4461929798126
1650901605.931565,1111,0.340,90,40,0.020,4.926,0.100,264.7859630584717
1650901606.2727401,1111,0.339,90,45,0.019,4.891,0.090,265.1271381378174
1650901606.616058,1111,0.339,90,50,0.021,4.863,0.120,265.47045612335205
1650901606.955602,1111,0.340,90,55,0.021,5.130,0.120,265.80999994277954
1650901607.295858,1111,0.339,90,60,0.019,5.115,0.090,266.1502559185028
1650901607.640121,1111,0.339,90,65,0.024,5.130,0.120,266.49451899528503
1650901607.979441,1111,0.339,90,70,0.024,5.423,0.130,266.83383893966675
1650901608.320096,1111,0.339,90,75,0.027,5.558,0.150,267.17449402809143
1650901608.6639569,1111,0.339,90,80,0.027,5.633,0.150,267.5183548927307
1650901609.0035,1111,0.339,90,85,0.025,5.552,0.140,267.85789799690247
1650901609.344418,1111,0.339,90,90,0.026,5.616,0.150,268.1988160610199
1650901609.6880798,1111,0.340,90,95,0.027,5.673,0.150,268.54247784614563
1650901610.027444,1111,0.339,90,100,0.025,5.709,0.140,268.8818418979645
1650901610.371552,1111,0.340,90,105,0.026,5.749,0.150,269.2259500026703
1650901610.7118819,1111,0.340,90,110,0.027,5.765,0.150,269.5662798881531
1650901611.055325,1111,0.340,90,115,0.026,5.826,0.150,269.9097230434418
1650901611.400349,1111,0.340,90,120,0.026,5.791,0.150,270.2547469139099
1650901611.740341,1111,0.340,90,125,0.027,5.806,0.150,270.5947389602661
1650901612.083483,1111,0.341,90,130,0.029,5.804,0.170,270.9378809928894
1650901612.423834,1111,0.339,90,135,0.026,5.818,0.150,271.27823209762573
1650901612.768488,1111,0.341,90,140,0.026,5.816,0.150,271.6228859424591
1650901613.1117618,1111,0.340,90,145,0.026,5.810,0.150,271.96615982055664
1650901613.451535,1111,0.341,90,150,0.027,5.808,0.150,272.3059329986572
1650901613.795508,1111,0.340,90,155,0.027,5.806,0.170,272.6499059200287
1650901614.136052,1111,0.340,90,160,0.026,5.951,0.150,272.9904499053955
1650901614.480032,1111,0.340,90,165,0.029,5.790,0.170,273.33442997932434
1650901614.824356,1111,0.340,90,170,0.026,5.780,0.150,273.6787540912628
1650901615.1641731,1111,0.340,90,175,0.027,5.766,0.150,274.01857113838196
1650901615.508438,1111,0.340,90,180,0.026,5.760,0.150,274.3628361225128
1650901617.649805,1111,2.143,95,0,0.021,5.093,0.100,276.504203081131
1650901617.994565,1111,0.338,95,5,0.021,5.109,0.100,276.84896302223206
1650901618.334261,1111,0.338,95,10,0.020,5.098,0.100,277.188658952713
1650901618.67364,1111,0.340,95,15,0.020,5.064,0.100,277.52803802490234
1650901619.014219,1111,0.339,95,20,0.021,5.044,0.120,277.8686170578003
1650901619.358032,1111,0.339,95,25,0.020,5.101,0.100,278.2124300003052
1650901619.6983528,1111,0.339,95,30,0.024,5.328,0.130,278.55275082588196
1650901620.0376132,1111,0.339,95,35,0.022,5.290,0.120,278.8920111656189
1650901620.3819132,1111,0.339,95,40,0.024,5.236,0.130,279.2363111972809
1650901620.7226849,1111,0.339,95,45,0.024,5.176,0.130,279.57708287239075
1650901621.061454,1111,0.339,95,50,0.021,5.136,0.120,279.91585206985474
1650901621.4061491,1111,0.340,95,55,0.020,5.100,0.100,280.2605471611023
1650901621.7454789,1111,0.339,95,60,0.021,5.083,0.100,280.59987688064575
1650901622.085925,1111,0.339,95,65,0.020,4.796,0.090,280.94032311439514
1650901622.429811,1111,0.340,95,70,0.020,5.024,0.100,281.28420901298523
1650901622.770011,1111,0.339,95,75,0.022,5.264,0.120,281.6244089603424
1650901623.109542,1111,0.339,95,80,0.025,5.426,0.140,281.9639399051666
1650901623.453953,1111,0.339,95,85,0.025,5.526,0.140,282.3083510398865
1650901623.7941241,1111,0.339,95,90,0.024,5.611,0.130,282.6485221385956
1650901624.137316,1111,0.339,95,95,0.026,5.666,0.150,282.9917140007019
1650901624.47773,1111,0.339,95,100,0.026,5.874,0.150,283.3321280479431
1650901624.817426,1111,0.340,95,105,0.027,6.078,0.170,283.6718239784241
1650901625.161381,1111,0.340,95,110,0.025,5.758,0.140,284.0157790184021
1650901625.50604,1111,0.340,95,115,0.027,5.771,0.150,284.3604381084442
1650901625.845279,1111,0.341,95,120,0.027,5.780,0.150,284.69967699050903
1650901626.189931,1111,0.340,95,125,0.029,5.800,0.170,285.0443289279938
1650901626.5342138,1111,0.341,95,130,0.026,5.800,0.150,285.38861179351807
1650901626.8735108,1111,0.340,95,135,0.026,5.809,0.150,285.7279088497162
1650901627.217242,1111,0.341,95,140,0.029,5.806,0.170,286.07164001464844
1650901627.557994,1111,0.340,95,145,0.027,5.811,0.150,286.41239190101624
1650901627.9017851,1111,0.340,95,150,0.026,5.805,0.150,286.7561831474304
1650901628.245985,1111,0.340,95,155,0.027,5.804,0.150,287.1003830432892
1650901628.586268,1111,0.340,95,160,0.027,5.796,0.150,287.4406659603119
1650901628.929269,1111,0.340,95,165,0.027,5.788,0.150,287.78366708755493
1650901629.269414,1111,0.340,95,170,0.026,5.778,0.150,288.12381196022034
1650901629.613354,1111,0.341,95,175,0.026,5.769,0.150,288.4677519798279
1650901629.9576268,1111,0.340,95,180,0.025,5.761,0.140,288.81202483177185
1650901632.100112,1111,2.143,100,0,0.022,5.080,0.120,290.954509973526
1650901632.4435682,1111,0.339,100,5,0.024,5.453,0.130,291.29796624183655
1650901632.7834492,1111,0.339,100,10,0.024,5.415,0.130,291.6378471851349
1650901633.127855,1111,0.341,100,15,0.024,5.368,0.130,291.982253074646
1650901633.467556,1111,0.340,100,20,0.022,5.360,0.120,292.3219540119171
1650901633.8122308,1111,0.341,100,25,0.020,5.201,0.100,292.66662883758545
1650901634.1524858,1111,0.340,100,30,0.020,4.973,0.100,293.0068838596344
1650901634.49529,1111,0.340,100,35,0.020,4.938,0.100,293.3496880531311
1650901634.8399968,1111,0.340,100,40,0.019,4.955,0.090,293.69439482688904
1650901635.179748,1111,0.340,100,45,0.022,5.249,0.120,294.03414607048035
1650901635.524257,1111,0.340,100,50,0.022,5.186,0.120,294.3786549568176
1650901635.867405,1111,0.340,100,55,0.021,5.120,0.100,294.7218029499054
1650901636.2086558,1111,0.340,100,60,0.019,4.786,0.090,295.06305384635925
1650901636.5519738,1111,0.340,100,65,0.020,4.780,0.090,295.4063718318939
1650901636.892381,1111,0.341,100,70,0.021,4.953,0.100,295.74677896499634
1650901637.23645,1111,0.340,100,75,0.021,5.220,0.120,296.0908479690552
1650901637.580294,1111,0.341,100,80,0.022,5.406,0.130,296.43469190597534
1650901637.9194539,1111,0.340,100,85,0.026,5.693,0.150,296.7738518714905
1650901638.2642791,1111,0.340,100,90,0.025,5.615,0.140,297.1186771392822
1650901638.604013,1111,0.340,100,95,0.026,5.656,0.150,297.45841097831726
1650901638.947799,1111,0.340,100,100,0.026,5.696,0.150,297.8021969795227
1650901639.29149,1111,0.341,100,105,0.027,5.723,0.150,298.14588809013367
1650901639.635998,1111,0.341,100,110,0.026,5.749,0.150,298.49039602279663
1650901639.980352,1111,0.341,100,115,0.027,5.791,0.150,298.8347499370575
1650901640.3244789,1111,0.342,100,120,0.027,5.884,0.150,299.17887687683105
1650901640.668255,1111,0.341,100,125,0.029,5.791,0.170,299.52265310287476
1650901641.007574,1111,0.342,100,130,0.026,5.795,0.150,299.86197209358215
1650901641.352173,1111,0.341,100,135,0.026,5.801,0.150,300.20657110214233
1650901641.6960351,1111,0.342,100,140,0.029,5.805,0.170,300.5504331588745
1650901642.040262,1111,0.341,100,145,0.026,5.973,0.150,300.8946599960327
1650901642.3850482,1111,0.342,100,150,0.026,5.802,0.150,301.2394461631775
1650901642.729293,1111,0.341,100,155,0.027,5.799,0.150,301.5836911201477
1650901643.073079,1111,0.342,100,160,0.027,5.795,0.150,301.92747712135315
1650901643.416299,1111,0.341,100,165,0.026,5.790,0.150,302.2706971168518
1650901643.756187,1111,0.342,100,170,0.026,5.780,0.150,302.61058497428894
1650901644.1001332,1111,0.341,100,175,0.027,5.775,0.150,302.95453119277954
1650901644.445184,1111,0.342,100,180,0.025,5.764,0.140,303.2995820045471
1650901646.591071,1111,2.143,105,0,0.021,5.063,0.100,305.4454689025879
1650901646.9312031,1111,0.340,105,5,0.022,5.081,0.100,305.7856011390686
1650901647.274224,1111,0.339,105,10,0.021,5.070,0.100,306.1286220550537
1650901647.614491,1111,0.340,105,15,0.021,5.036,0.100,306.4688889980316
1650901647.95826,1111,0.340,105,20,0.021,5.020,0.120,306.81265807151794
1650901648.302625,1111,0.340,105,25,0.022,4.991,0.130,307.15702295303345
1650901648.642814,1111,0.340,105,30,0.022,5.321,0.120,307.497211933136
1650901648.9874701,1111,0.340,105,35,0.022,5.268,0.120,307.84186816215515
1650901649.330255,1111,0.340,105,40,0.025,5.220,0.130,308.18465304374695
1650901649.670635,1111,0.340,105,45,0.021,5.143,0.120,308.52503299713135
1650901650.0141902,1111,0.341,105,50,0.017,4.831,0.090,308.8685882091522
1650901650.355765,1111,0.340,105,55,0.019,4.801,0.090,309.2101631164551
1650901650.698835,1111,0.341,105,60,0.017,4.774,0.090,309.5532329082489
1650901651.042924,1111,0.340,105,65,0.020,4.883,0.100,309.8973219394684
1650901651.383289,1111,0.340,105,70,0.022,5.331,0.120,310.2376871109009
1650901651.7266839,1111,0.340,105,75,0.025,5.576,0.140,310.581081867218
1650901652.066765,1111,0.340,105,80,0.022,5.426,0.130,310.9211630821228
1650901652.4105961,1111,0.340,105,85,0.025,5.519,0.130,311.2649941444397
1650901652.754106,1111,0.340,105,90,0.025,5.586,0.140,311.60850405693054
1650901653.0941482,1111,0.340,105,95,0.026,5.643,0.150,311.94854617118835
1650901653.4396129,1111,0.340,105,100,0.025,5.674,0.140,312.29401087760925
1650901653.7830641,1111,0.341,105,105,0.027,5.724,0.150,312.63746213912964
1650901654.126983,1111,0.341,105,110,0.027,5.741,0.150,312.98138093948364
1650901654.4717891,1111,0.341,105,115,0.026,5.759,0.150,313.32618713378906
1650901654.810476,1111,0.341,105,120,0.029,5.775,0.170,313.66487407684326
1650901655.154722,1111,0.341,105,125,0.027,5.780,0.150,314.0091199874878
1650901655.4981802,1111,0.341,105,130,0.026,5.790,0.150,314.352578163147
1650901655.8429492,1111,0.341,105,135,0.027,5.898,0.150,314.69734716415405
1650901656.186629,1111,0.341,105,140,0.027,5.796,0.150,315.0410270690918
1650901656.5310059,1111,0.341,105,145,0.029,5.802,0.170,315.38540387153625
1650901656.874333,1111,0.341,105,150,0.027,5.802,0.150,315.72873091697693
1650901657.219188,1111,0.341,105,155,0.027,5.798,0.150,316.07358598709106
1650901657.5632188,1111,0.341,105,160,0.029,5.795,0.170,316.41761684417725
1650901657.9026299,1111,0.341,105,165,0.027,5.791,0.150,316.7570278644562
1650901658.2473862,1111,0.343,105,170,0.026,5.779,0.150,317.10178422927856
1650901658.590501,1111,0.341,105,175,0.026,5.770,0.150,317.44489908218384
1650901658.934578,1111,0.342,105,180,0.027,5.768,0.150,317.7889759540558
1650901661.080985,1111,2.143,110,0,0.020,5.051,0.100,319.93538308143616
1650901661.421636,1111,0.339,110,5,0.020,5.065,0.100,320.276034116745
1650901661.7662778,1111,0.339,110,10,0.021,5.469,0.120,320.62067580223083
1650901662.1055622,1111,0.340,110,15,0.025,5.376,0.140,320.95996022224426
1650901662.4499671,1111,0.340,110,20,0.022,5.351,0.120,321.30436515808105
1650901662.7897851,1111,0.340,110,25,0.025,5.289,0.130,321.6441831588745
1650901663.132792,1111,0.341,110,30,0.022,5.260,0.120,321.98719000816345
1650901663.4769988,1111,0.340,110,35,0.020,4.916,0.100,322.331396818161
1650901663.818186,1111,0.341,110,40,0.019,4.879,0.090,322.67258405685425
1650901664.16163,1111,0.340,110,45,0.020,4.849,0.100,323.0160279273987
1650901664.505952,1111,0.341,110,50,0.019,4.858,0.090,323.36034989356995
1650901664.844854,1111,0.340,110,55,0.022,5.171,0.100,323.6992521286011
1650901665.1895418,1111,0.340,110,60,0.022,5.084,0.120,324.0439398288727
1650901665.528634,1111,0.340,110,65,0.021,5.031,0.100,324.38303208351135
1650901665.8732202,1111,0.340,110,70,0.021,4.881,0.100,324.72761821746826
1650901666.217386,1111,0.340,110,75,0.021,5.173,0.120,325.0717840194702
1650901666.556618,1111,0.340,110,80,0.024,5.376,0.130,325.41101598739624
1650901666.901422,1111,0.341,110,85,0.024,5.491,0.130,325.75582003593445
1650901667.246136,1111,0.340,110,90,0.026,5.594,0.150,326.10053396224976
1650901667.5846982,1111,0.341,110,95,0.027,5.813,0.170,326.4390962123871
1650901667.929743,1111,0.340,110,100,0.025,5.675,0.140,326.7841410636902
1650901668.273875,1111,0.342,110,105,0.026,5.709,0.150,327.1282730102539
1650901668.6170082,1111,0.341,110,110,0.026,5.735,0.150,327.47140622138977
1650901668.956884,1111,0.342,110,115,0.027,5.739,0.150,327.81128191947937
1650901669.3023932,1111,0.341,110,120,0.026,5.769,0.150,328.15679121017456
1650901669.645941,1111,0.342,110,125,0.026,5.773,0.150,328.5003390312195
1650901669.989214,1111,0.341,110,130,0.027,5.782,0.150,328.8436119556427
1650901670.334416,1111,0.342,110,135,0.027,5.786,0.150,329.18881392478943
1650901670.678261,1111,0.341,110,140,0.027,5.793,0.150,329.5326590538025
1650901671.022241,1111,0.341,110,145,0.026,5.793,0.150,329.8766391277313
1650901671.3657222,1111,0.341,110,150,0.026,5.794,0.140,330.2201201915741
1650901671.7050471,1111,0.341,110,155,0.027,5.800,0.150,330.559445142746
1650901672.049685,1111,0.341,110,160,0.027,5.786,0.150,330.90408301353455
1650901672.393643,1111,0.341,110,165,0.026,5.781,0.140,331.2480409145355
1650901672.737522,1111,0.341,110,170,0.026,5.771,0.150,331.5919198989868
1650901673.081742,1111,0.341,110,175,0.026,5.763,0.150,331.9361400604248
1650901673.425754,1111,0.341,110,180,0.029,5.776,0.170,332.28015208244324
1650901675.572982,1111,2.144,115,0,0.022,5.036,0.120,334.42738008499146
1650901675.912043,1111,0.339,115,5,0.025,5.373,0.130,334.76644110679626
1650901676.252037,1111,0.340,115,10,0.025,5.343,0.130,335.1064350605011
1650901676.59534,1111,0.340,115,15,0.024,5.011,0.120,335.4497380256653
1650901676.9409049,1111,0.341,115,20,0.019,4.986,0.090,335.7953028678894
1650901677.280231,1111,0.340,115,25,0.021,4.959,0.100,336.1346290111542
1650901677.6248882,1111,0.341,115,30,0.020,4.930,0.100,336.47928619384766
1650901677.968041,1111,0.340,115,35,0.021,4.903,0.120,336.822438955307
1650901678.3084202,1111,0.340,115,40,0.022,5.190,0.120,337.16281819343567
1650901678.652404,1111,0.340,115,45,0.021,5.154,0.120,337.50680208206177
1650901678.992587,1111,0.340,115,50,0.022,5.104,0.120,337.84698510169983
1650901679.3360791,1111,0.340,115,55,0.021,4.888,0.100,338.19047713279724
1650901679.6795478,1111,0.340,115,60,0.017,4.751,0.090,338.5339457988739
1650901680.020658,1111,0.341,115,65,0.017,4.739,0.080,338.8750560283661
1650901680.3639429,1111,0.340,115,70,0.020,4.888,0.100,339.21834087371826
1650901680.7043278,1111,0.341,115,75,0.022,5.353,0.120,339.5587258338928
1650901681.048055,1111,0.340,115,80,0.024,5.735,0.140,339.90245294570923
1650901681.392169,1111,0.341,115,85,0.026,5.520,0.140,340.2465670108795
1650901681.732681,1111,0.340,115,90,0.026,5.576,0.140,340.58707904815674
1650901682.0754418,1111,0.340,115,95,0.026,5.628,0.150,340.92983984947205
1650901682.419242,1111,0.340,115,100,0.025,5.661,0.140,341.27363991737366
1650901682.760202,1111,0.341,115,105,0.026,5.706,0.150,341.614599943161
1650901683.104234,1111,0.341,115,110,0.025,5.725,0.140,341.9586319923401
1650901683.4477792,1111,0.341,115,115,0.029,5.761,0.170,342.30217719078064
1650901683.792695,1111,0.341,115,120,0.026,5.759,0.150,342.64709305763245
1650901684.135778,1111,0.341,115,125,0.027,5.769,0.150,342.9901759624481
1650901684.479518,1111,0.341,115,130,0.027,5.775,0.150,343.3339159488678
1650901684.824995,1111,0.342,115,135,0.027,5.781,0.150,343.6793930530548
1650901685.1684449,1111,0.341,115,140,0.026,5.838,0.150,344.0228428840637
1650901685.5082638,1111,0.342,115,145,0.026,5.859,0.150,344.3626618385315
1650901685.852545,1111,0.341,115,150,0.026,5.786,0.150,344.70694303512573
1650901686.196258,1111,0.342,115,155,0.026,5.781,0.150,345.050656080246
1650901686.540148,1111,0.341,115,160,0.027,5.778,0.150,345.3945460319519
1650901686.884157,1111,0.342,115,165,0.027,5.774,0.150,345.7385549545288
1650901687.2283242,1111,0.341,115,170,0.027,5.764,0.150,346.08272218704224
1650901687.571928,1111,0.342,115,175,0.027,5.759,0.150,346.42632603645325
1650901687.916299,1111,0.341,115,180,0.025,5.748,0.140,346.7706971168518
1650901690.062635,1111,2.144,120,0,0.021,5.023,0.100,348.917032957077
1650901690.402,1111,0.339,120,5,0.024,5.036,0.120,349.2563979625702
1650901690.7430909,1111,0.339,120,10,0.020,5.024,0.100,349.59748888015747
1650901691.087137,1111,0.340,120,15,0.022,4.995,0.120,349.9415349960327
1650901691.426953,1111,0.340,120,20,0.022,5.400,0.120,350.28135108947754
1650901691.770735,1111,0.340,120,25,0.024,5.321,0.130,350.62513303756714
1650901692.1150799,1111,0.340,120,30,0.022,5.251,0.120,350.969477891922
1650901692.454798,1111,0.341,120,35,0.022,5.208,0.120,351.3091959953308
1650901692.7991538,1111,0.340,120,40,0.021,5.179,0.100,351.6535518169403
1650901693.142279,1111,0.341,120,45,0.019,4.830,0.090,351.9966769218445
1650901693.4822881,1111,0.340,120,50,0.017,4.794,0.090,352.3366861343384
1650901693.826868,1111,0.341,120,55,0.019,4.759,0.090,352.68126606941223
1650901694.166991,1111,0.340,120,60,0.017,4.806,0.090,353.02138900756836
1650901694.510195,1111,0.340,120,65,0.020,5.121,0.120,353.3645930290222
1650901694.854323,1111,0.340,120,70,0.024,5.244,0.130,353.7087209224701
1650901695.1940238,1111,0.339,120,75,0.024,5.241,0.130,354.0484218597412
1650901695.5395389,1111,0.340,120,80,0.025,5.361,0.130,354.3939368724823
1650901695.879207,1111,0.340,120,85,0.024,5.474,0.130,354.7336049079895
1650901696.22292,1111,0.341,120,90,0.026,5.570,0.140,355.07731795310974
1650901696.5663328,1111,0.340,120,95,0.024,5.620,0.130,355.4207308292389
1650901696.906395,1111,0.341,120,100,0.026,5.660,0.150,355.76079297065735
1650901697.250228,1111,0.341,120,105,0.027,6.034,0.170,356.1046259403229
1650901697.594188,1111,0.342,120,110,0.026,5.720,0.150,356.44858598709106
1650901697.939394,1111,0.341,120,115,0.026,5.725,0.150,356.79379200935364
1650901698.283288,1111,0.342,120,120,0.026,5.754,0.150,357.1376860141754
1650901698.6272268,1111,0.341,120,125,0.026,5.758,0.150,357.48162484169006
1650901698.970834,1111,0.341,120,130,0.027,5.833,0.150,357.8252320289612
1650901699.310821,1111,0.341,120,135,0.027,5.771,0.150,358.1652190685272
1650901699.6545768,1111,0.342,120,140,0.026,5.778,0.150,358.5089747905731
1650901699.998715,1111,0.341,120,145,0.027,5.775,0.150,358.8531129360199
1650901700.3427892,1111,0.342,120,150,0.026,5.775,0.150,359.1971871852875
1650901700.687254,1111,0.341,120,155,0.026,5.773,0.150,359.5416519641876
1650901701.030899,1111,0.341,120,160,0.027,5.808,0.170,359.8852970600128
1650901701.3757381,1111,0.341,120,165,0.026,5.763,0.150,360.23013615608215
1650901701.719323,1111,0.341,120,170,0.026,5.751,0.150,360.57372093200684
1650901702.063025,1111,0.341,120,175,0.027,5.745,0.150,360.91742300987244
1650901702.4029498,1111,0.341,120,180,0.026,5.739,0.150,361.25734782218933
1650901704.5485911,1111,2.143,125,0,0.022,5.336,0.120,363.4029891490936
1650901704.893709,1111,0.340,125,5,0.024,5.414,0.130,363.74810695648193
1650901705.234155,1111,0.339,125,10,0.024,5.413,0.130,364.08855295181274
1650901705.577429,1111,0.341,125,15,0.024,5.321,0.130,364.43182706832886
1650901705.9174342,1111,0.340,125,20,0.024,5.294,0.130,364.7718322277069
1650901706.26084,1111,0.340,125,25,0.022,5.216,0.120,365.1152379512787
1650901706.6011462,1111,0.340,125,30,0.019,4.903,0.090,365.45554423332214
1650901706.945756,1111,0.340,125,35,0.021,4.876,0.100,365.8001539707184
1650901707.289707,1111,0.340,125,40,0.021,4.843,0.100,366.14410495758057
1650901707.629664,1111,0.340,125,45,0.021,4.815,0.120,366.48406195640564
1650901707.9738722,1111,0.340,125,50,0.021,5.123,0.120,366.8282701969147
1650901708.316752,1111,0.340,125,55,0.022,5.055,0.120,367.17114996910095
1650901708.656898,1111,0.341,125,60,0.020,5.016,0.100,367.51129603385925
1650901709.002128,1111,0.340,125,65,0.019,4.716,0.090,367.85652589797974
1650901709.341707,1111,0.341,125,70,0.019,4.869,0.100,368.19610500335693
1650901709.6855738,1111,0.340,125,75,0.022,5.200,0.120,368.5399718284607
1650901710.0287611,1111,0.341,125,80,0.022,5.373,0.120,368.883159160614
1650901710.370581,1111,0.340,125,85,0.024,5.645,0.130,369.2249789237976
1650901710.713196,1111,0.340,125,90,0.026,5.924,0.150,369.5675940513611
1650901711.056834,1111,0.340,125,95,0.027,5.779,0.150,369.9112319946289
1650901711.397058,1111,0.340,125,100,0.026,5.655,0.150,370.2514560222626
1650901711.741636,1111,0.341,125,105,0.026,5.689,0.150,370.5960340499878
1650901712.086139,1111,0.341,125,110,0.025,5.711,0.140,370.9405369758606
1650901712.429665,1111,0.341,125,115,0.027,5.724,0.150,371.2840631008148
1650901712.773139,1111,0.341,125,120,0.029,5.784,0.170,371.6275370121002
1650901713.117183,1111,0.341,125,125,0.027,5.750,0.150,371.97158098220825
1650901713.457985,1111,0.342,125,130,0.027,5.759,0.150,372.31238293647766
1650901713.801843,1111,0.341,125,135,0.027,5.764,0.150,372.656240940094
1650901714.145302,1111,0.342,125,140,0.025,5.766,0.140,372.9997000694275
1650901714.490153,1111,0.341,125,145,0.026,5.766,0.150,373.3445510864258
1650901714.833662,1111,0.342,125,150,0.027,5.925,0.170,373.6880600452423
1650901715.177545,1111,0.341,125,155,0.029,5.761,0.170,374.03194308280945
1650901715.521889,1111,0.342,125,160,0.027,5.754,0.150,374.37628698349
1650901715.866276,1111,0.341,125,165,0.027,5.751,0.150,374.72067403793335
1650901716.205247,1111,0.342,125,170,0.027,5.740,0.150,375.05964493751526
1650901716.550229,1111,0.341,125,175,0.026,5.734,0.150,375.40462708473206
1650901716.8941991,1111,0.342,125,180,0.029,5.760,0.170,375.74859714508057
1650901719.039354,1111,2.143,130,0,0.021,4.996,0.100,377.8937520980835
1650901719.384346,1111,0.340,130,5,0.025,5.014,0.130,378.23874402046204
1650901719.724166,1111,0.339,130,10,0.022,5.329,0.120,378.5785639286041
1650901720.064574,1111,0.340,130,15,0.019,4.964,0.090,378.91897201538086
1650901720.4085472,1111,0.340,130,20,0.021,4.944,0.100,379.2629451751709
1650901720.7517262,1111,0.340,130,25,0.020,4.918,0.100,379.60612416267395
1650901721.092094,1111,0.339,130,30,0.020,5.235,0.100,379.9464919567108
1650901721.435508,1111,0.340,130,35,0.024,5.224,0.130,380.28990602493286
1650901721.78094,1111,0.340,130,40,0.021,5.176,0.120,380.6353380680084
1650901722.119391,1111,0.340,130,45,0.021,5.124,0.100,380.9737889766693
1650901722.479327,1111,0.341,130,50,0.020,4.770,0.090,381.33372497558594
1650901722.803544,1111,0.340,130,55,0.019,4.734,0.090,381.6579420566559
1650901723.147646,1111,0.341,130,60,0.019,4.714,0.090,382.00204396247864
1650901723.491369,1111,0.340,130,65,0.019,4.704,0.090,382.3457670211792
1650901723.8325608,1111,0.340,130,70,0.019,5.004,0.090,382.68695878982544
1650901724.175393,1111,0.340,130,75,0.025,5.600,0.140,383.0297911167145
1650901724.520724,1111,0.340,130,80,0.026,5.735,0.140,383.3751220703125
1650901724.8597372,1111,0.340,130,85,0.025,5.490,0.140,383.7141351699829
1650901725.2044811,1111,0.340,130,90,0.026,5.555,0.140,384.0588791370392
1650901725.543372,1111,0.340,130,95,0.025,5.604,0.140,384.3977699279785
1650901725.8873868,1111,0.340,130,100,0.026,5.644,0.150,384.7417848110199
1650901726.232013,1111,0.341,130,105,0.025,5.686,0.140,385.0864109992981
1650901726.5760052,1111,0.341,130,110,0.027,5.796,0.150,385.43040323257446
1650901726.9208262,1111,0.341,130,115,0.026,5.718,0.150,385.7752242088318
1650901727.2637062,1111,0.341,130,120,0.025,5.736,0.140,386.11810421943665
1650901727.6041338,1111,0.341,130,125,0.027,5.740,0.150,386.45853185653687
1650901727.949051,1111,0.341,130,130,0.026,5.749,0.150,386.80344891548157
1650901728.292932,1111,0.341,130,135,0.027,5.841,0.170,387.1473300457001
1650901728.636136,1111,0.341,130,140,0.029,5.820,0.170,387.49053406715393
1650901728.980321,1111,0.341,130,145,0.026,5.755,0.150,387.8347189426422
1650901729.324694,1111,0.341,130,150,0.027,5.754,0.150,388.1790919303894
1650901729.668986,1111,0.341,130,155,0.026,5.751,0.150,388.5233840942383
1650901730.011872,1111,0.343,130,160,0.027,5.746,0.150,388.8662700653076
1650901730.352203,1111,0.341,130,165,0.026,5.745,0.150,389.2066009044647
1650901730.695795,1111,0.342,130,170,0.027,5.733,0.150,389.55019307136536
1650901731.040948,1111,0.341,130,175,0.026,5.720,0.150,389.8953459262848
1650901731.385204,1111,0.342,130,180,0.026,5.715,0.150,390.2396020889282
1650901733.530686,1111,2.143,135,0,0.021,4.976,0.100,392.3850839138031
1650901733.870643,1111,0.339,135,5,0.021,4.996,0.100,392.7250409126282
1650901734.2140532,1111,0.339,135,10,0.020,4.981,0.100,393.06845116615295
1650901734.5550919,1111,0.340,135,15,0.022,5.291,0.120,393.4094898700714
1650901734.899143,1111,0.340,135,20,0.024,5.291,0.130,393.7535409927368
1650901735.243346,1111,0.340,135,25,0.024,5.246,0.130,394.0977439880371
1650901735.58347,1111,0.341,135,30,0.024,5.204,0.130,394.43786811828613
1650901735.926999,1111,0.340,135,35,0.022,4.851,0.120,394.7813971042633
1650901736.266298,1111,0.341,135,40,0.020,4.818,0.100,395.12069606781006
1650901736.611486,1111,0.340,135,45,0.017,4.789,0.090,395.4658839702606
1650901736.9551308,1111,0.340,135,50,0.019,4.748,0.090,395.80952882766724
1650901737.295059,1111,0.340,135,55,0.021,5.054,0.100,396.14945697784424
1650901737.638286,1111,0.340,135,60,0.022,5.021,0.120,396.49268412590027
1650901737.982377,1111,0.340,135,65,0.021,5.009,0.100,396.8367750644684
1650901738.322161,1111,0.340,135,70,0.022,5.263,0.120,397.17655897140503
1650901738.666301,1111,0.340,135,75,0.024,5.199,0.130,397.52069902420044
1650901739.006181,1111,0.340,135,80,0.025,5.376,0.140,397.86057901382446
1650901739.3500009,1111,0.341,135,85,0.025,5.475,0.140,398.20439887046814
1650901739.694429,1111,0.340,135,90,0.024,5.554,0.130,398.5488269329071
1650901740.034614,1111,0.341,135,95,0.026,5.765,0.150,398.8890120983124
1650901740.37807,1111,0.339,135,100,0.026,5.961,0.150,399.23246812820435
1650901740.722858,1111,0.342,135,105,0.026,5.677,0.150,399.5772559642792
1650901741.0662332,1111,0.341,135,110,0.026,5.694,0.150,399.9206311702728
1650901741.40611,1111,0.342,135,115,0.025,5.701,0.140,400.2605080604553
1650901741.750995,1111,0.341,135,120,0.026,5.721,0.150,400.60539293289185
1650901742.095458,1111,0.342,135,125,0.026,5.730,0.150,400.94985604286194
1650901742.4387531,1111,0.341,135,130,0.027,5.736,0.150,401.293151140213
1650901742.782262,1111,0.342,135,135,0.027,5.741,0.150,401.63666009902954
1650901743.126782,1111,0.341,135,140,0.026,5.743,0.150,401.98117995262146
1650901743.471199,1111,0.342,135,145,0.026,5.740,0.150,402.3255970478058
1650901743.8150961,1111,0.341,135,150,0.026,5.740,0.150,402.6694941520691
1650901744.15949,1111,0.341,135,155,0.027,5.751,0.170,403.01388812065125
1650901744.4989362,1111,0.341,135,160,0.026,5.728,0.150,403.3533341884613
1650901744.842827,1111,0.341,135,165,0.026,5.723,0.150,403.69722509384155
1650901745.187692,1111,0.341,135,170,0.025,5.711,0.150,404.04208993911743
1650901745.531289,1111,0.341,135,175,0.025,5.704,0.140,404.3856871128082
1650901745.8755698,1111,0.341,135,180,0.025,5.709,0.140,404.7299678325653
1650901748.0215108,1111,2.144,140,0,0.021,4.965,0.100,406.87590885162354
1650901748.361784,1111,0.339,140,5,0.024,5.343,0.130,407.2161819934845
1650901748.704675,1111,0.340,140,10,0.024,5.314,0.130,407.559072971344
1650901749.0451741,1111,0.340,140,15,0.021,5.268,0.120,407.89957213401794
1650901749.389385,1111,0.341,140,20,0.021,4.990,0.100,408.24378299713135
1650901749.72871,1111,0.340,140,25,0.019,4.886,0.090,408.5831079483032
1650901750.073459,1111,0.340,140,30,0.019,4.860,0.090,408.92785692214966
1650901750.416818,1111,0.340,140,35,0.021,4.833,0.100,409.27121591567993
1650901750.757777,1111,0.340,140,40,0.020,5.124,0.100,409.61217498779297
1650901751.101525,1111,0.340,140,45,0.022,5.114,0.120,409.95592308044434
1650901751.441185,1111,0.340,140,50,0.021,5.069,0.100,410.29558300971985
1650901751.784493,1111,0.341,140,55,0.020,5.001,0.090,410.6388909816742
1650901752.128781,1111,0.340,140,60,0.019,4.685,0.090,410.9831790924072
1650901752.4692538,1111,0.341,140,65,0.017,4.683,0.080,411.3236517906189
1650901752.813256,1111,0.340,140,70,0.020,4.944,0.100,411.6676540374756
1650901753.156806,1111,0.341,140,75,0.024,5.245,0.130,412.0112040042877
1650901753.497607,1111,0.340,140,80,0.025,5.474,0.140,412.3520050048828
1650901753.841951,1111,0.340,140,85,0.027,5.831,0.170,412.69634890556335
1650901754.181132,1111,0.340,140,90,0.024,5.554,0.130,413.03553009033203
1650901754.526241,1111,0.340,140,95,0.025,5.596,0.140,413.3806390762329
1650901754.8687239,1111,0.340,140,100,0.026,5.624,0.150,413.723121881485
1650901755.2127948,1111,0.341,140,105,0.026,5.668,0.150,414.06719279289246
1650901755.552918,1111,0.341,140,110,0.025,5.677,0.140,414.40731596946716
1650901755.897249,1111,0.341,140,115,0.025,5.802,0.140,414.75164699554443
1650901756.242368,1111,0.341,140,120,0.026,5.709,0.150,415.09676599502563
1650901756.585535,1111,0.341,140,125,0.027,5.724,0.150,415.43993306159973
1650901756.92961,1111,0.341,140,130,0.026,5.728,0.150,415.78400802612305
1650901757.2742379,1111,0.342,140,135,0.027,5.731,0.150,416.1286358833313
1650901757.618047,1111,0.341,140,140,0.026,5.733,0.150,416.4724450111389
1650901757.961494,1111,0.342,140,145,0.027,5.795,0.150,416.8158919811249
1650901758.305401,1111,0.341,140,150,0.026,5.728,0.150,417.1597990989685
1650901758.6459541,1111,0.342,140,155,0.027,5.723,0.150,417.50035214424133
1650901758.990329,1111,0.341,140,160,0.026,5.715,0.150,417.84472703933716
1650901759.33441,1111,0.342,140,165,0.025,5.709,0.140,418.18880796432495
1650901759.677994,1111,0.341,140,170,0.026,5.699,0.150,418.5323920249939
1650901760.022252,1111,0.342,140,175,0.027,5.805,0.150,418.87665009498596
1650901760.365418,1111,0.341,140,180,0.026,5.680,0.150,419.21981596946716
1650901762.511287,1111,2.144,145,0,0.021,4.948,0.100,421.3656849861145
1650901762.852532,1111,0.339,145,5,0.021,4.969,0.100,421.7069299221039
1650901763.191527,1111,0.339,145,10,0.020,4.956,0.100,422.0459249019623
1650901763.535224,1111,0.340,145,15,0.020,4.920,0.100,422.3896219730377
1650901763.8801122,1111,0.340,145,20,0.021,4.903,0.100,422.73451018333435
1650901764.22084,1111,0.340,145,25,0.021,5.165,0.120,423.07523798942566
1650901764.5639098,1111,0.340,145,30,0.024,5.199,0.130,423.4183077812195
1650901764.907712,1111,0.341,145,35,0.021,5.156,0.120,423.7621099948883
1650901765.248632,1111,0.340,145,40,0.021,5.109,0.100,424.10302996635437
1650901765.591449,1111,0.341,145,45,0.020,4.760,0.090,424.44584703445435
1650901765.932837,1111,0.340,145,50,0.016,4.719,0.080,424.7872350215912
1650901766.2762291,1111,0.341,145,55,0.020,4.695,0.090,425.13062715530396
1650901766.62037,1111,0.340,145,60,0.019,4.676,0.090,425.4747679233551
1650901766.959587,1111,0.340,145,65,0.019,5.016,0.090,425.8139851093292
1650901767.3035789,1111,0.340,145,70,0.022,5.389,0.120,426.15797686576843
1650901767.643402,1111,0.340,145,75,0.026,5.596,0.140,426.49780011177063
1650901767.988461,1111,0.340,145,80,0.025,5.407,0.140,426.8428590297699
1650901768.332125,1111,0.340,145,85,0.024,5.464,0.140,427.18652296066284
1650901768.6718988,1111,0.341,145,90,0.024,5.545,0.130,427.52629685401917
1650901769.016619,1111,0.340,145,95,0.025,5.583,0.140,427.87101697921753
1650901769.3609128,1111,0.341,145,100,0.026,5.623,0.150,428.21531081199646
1650901769.699771,1111,0.341,145,105,0.027,5.795,0.150,428.55416893959045
1650901770.0438411,1111,0.341,145,110,0.027,5.676,0.150,428.8982391357422
1650901770.388119,1111,0.341,145,115,0.024,5.689,0.140,429.2425169944763
1650901770.732266,1111,0.341,145,120,0.027,5.698,0.150,429.5866639614105
1650901771.075819,1111,0.341,145,125,0.026,5.704,0.150,429.9302170276642
1650901771.4202082,1111,0.341,145,130,0.027,5.721,0.150,430.27460622787476
1650901771.763777,1111,0.341,145,135,0.026,5.760,0.150,430.61817502975464
1650901772.107786,1111,0.341,145,140,0.026,5.715,0.150,430.96218395233154
1650901772.449143,1111,0.341,145,145,0.025,5.714,0.140,431.3035409450531
1650901772.791848,1111,0.341,145,150,0.025,5.710,0.140,431.6462459564209
1650901773.136103,1111,0.341,145,155,0.025,5.705,0.140,431.99050092697144
1650901773.480213,1111,0.341,145,160,0.025,5.778,0.140,432.3346109390259
1650901773.824021,1111,0.341,145,165,0.025,5.810,0.140,432.6784191131592
1650901774.168138,1111,0.341,145,170,0.025,5.677,0.140,433.0225360393524
1650901774.512702,1111,0.340,145,175,0.026,5.669,0.150,433.36710000038147
1650901774.856425,1111,0.341,145,180,0.025,5.660,0.140,433.71082305908203
1650901777.002501,1111,2.143,150,0,0.020,4.940,0.100,435.85689902305603
1650901777.3422651,1111,0.339,150,5,0.022,5.113,0.120,436.1966631412506
1650901777.683181,1111,0.339,150,10,0.024,5.323,0.130,436.53757905960083
1650901778.0269408,1111,0.340,150,15,0.022,5.263,0.120,436.8813388347626
1650901778.370532,1111,0.340,150,20,0.024,5.245,0.130,437.2249300479889
1650901778.710179,1111,0.341,150,25,0.022,5.239,0.120,437.56457710266113
1650901779.054513,1111,0.340,150,30,0.020,5.177,0.100,437.90891098976135
1650901779.3950348,1111,0.341,150,35,0.020,4.934,0.100,438.2494328022003
1650901779.7381618,1111,0.340,150,40,0.020,4.919,0.100,438.5925598144531
1650901780.082185,1111,0.341,150,45,0.021,4.905,0.100,438.9365830421448
1650901780.422111,1111,0.340,150,50,0.021,5.136,0.120,439.27650904655457
1650901780.765924,1111,0.340,150,55,0.021,5.238,0.130,439.62032198905945
1650901781.106051,1111,0.340,150,60,0.021,5.213,0.120,439.9604489803314
1650901781.450061,1111,0.340,150,65,0.022,5.009,0.120,440.3044590950012
1650901781.795142,1111,0.340,150,70,0.021,5.150,0.120,440.64953994750977
1650901782.134153,1111,0.340,150,75,0.022,5.291,0.120,440.98855090141296
1650901782.479595,1111,0.341,150,80,0.025,5.410,0.140,441.33399295806885
1650901782.8236558,1111,0.340,150,85,0.024,5.484,0.130,441.678053855896
1650901783.162325,1111,0.341,150,90,0.025,5.644,0.140,442.01672291755676
1650901783.506495,1111,0.340,150,95,0.030,5.856,0.180,442.36089301109314
1650901783.846485,1111,0.341,150,100,0.025,5.621,0.140,442.70088291168213
1650901784.190938,1111,0.341,150,105,0.026,5.655,0.150,443.0453360080719
1650901784.5348842,1111,0.342,150,110,0.026,5.663,0.150,443.3892822265625
1650901784.878439,1111,0.340,150,115,0.025,5.674,0.140,443.7328369617462
1650901785.2224839,1111,0.342,150,120,0.026,5.685,0.150,444.07688188552856
1650901785.56783,1111,0.341,150,125,0.027,5.696,0.150,444.42222809791565
1650901785.911146,1111,0.342,150,130,0.029,5.703,0.170,444.7655439376831
1650901786.255587,1111,0.341,150,135,0.026,5.700,0.150,445.1099851131439
1650901786.5995991,1111,0.342,150,140,0.027,5.701,0.150,445.45399713516235
1650901786.938664,1111,0.341,150,145,0.027,5.699,0.150,445.79306197166443
1650901787.282531,1111,0.341,150,150,0.026,5.694,0.150,446.13692903518677
1650901787.62726,1111,0.341,150,155,0.026,5.688,0.150,446.48165798187256
1650901787.971064,1111,0.342,150,160,0.026,5.680,0.150,446.82546210289
1650901788.314615,1111,0.341,150,165,0.026,5.671,0.140,447.16901302337646
1650901788.658488,1111,0.342,150,170,0.026,5.657,0.150,447.5128860473633
1650901789.0029361,1111,0.341,150,175,0.026,5.649,0.150,447.8573341369629
1650901789.346644,1111,0.341,150,180,0.026,5.640,0.150,448.2010419368744
1650901791.48886,1111,2.143,155,0,0.021,4.958,0.100,450.34325790405273
1650901791.83277,1111,0.339,155,5,0.022,5.330,0.120,450.6871681213379
1650901792.172891,1111,0.338,155,10,0.022,5.315,0.120,451.0272889137268
1650901792.517458,1111,0.339,155,15,0.020,4.940,0.100,451.3718559741974
1650901792.857161,1111,0.340,155,20,0.020,4.929,0.100,451.7115590572357
1650901793.201758,1111,0.340,155,25,0.020,4.913,0.100,452.0561559200287
1650901793.544968,1111,0.340,155,30,0.021,4.904,0.120,452.399365901947
1650901793.885264,1111,0.340,155,35,0.024,5.288,0.130,452.7396619319916
1650901794.229318,1111,0.340,155,40,0.021,5.156,0.120,453.08371591567993
1650901794.569429,1111,0.340,155,45,0.022,5.056,0.120,453.4238269329071
1650901794.9141068,1111,0.341,155,50,0.021,4.999,0.100,453.76850485801697
1650901795.2578251,1111,0.340,155,55,0.017,4.663,0.080,454.11222314834595
1650901795.596878,1111,0.341,155,60,0.019,4.644,0.080,454.45127606391907
1650901795.941615,1111,0.340,155,65,0.016,4.735,0.080,454.79601311683655
1650901796.286324,1111,0.341,155,70,0.021,5.093,0.100,455.1407220363617
1650901796.6259258,1111,0.340,155,75,0.025,5.566,0.140,455.4803237915039
1650901796.9702752,1111,0.340,155,80,0.025,5.768,0.140,455.82467317581177
1650901797.308897,1111,0.340,155,85,0.027,5.806,0.150,456.1632950305939
1650901797.6534028,1111,0.340,155,90,0.024,5.544,0.140,456.5078008174896
1650901797.9967911,1111,0.340,155,95,0.024,5.568,0.130,456.8511891365051
1650901798.3374422,1111,0.340,155,100,0.025,5.606,0.140,457.19184017181396
1650901798.6810591,1111,0.341,155,105,0.025,5.639,0.140,457.5354571342468
1650901799.0251038,1111,0.341,155,110,0.025,5.720,0.140,457.8795018196106
1650901799.369348,1111,0.341,155,115,0.026,5.664,0.150,458.2237460613251
1650901799.7128232,1111,0.341,155,120,0.026,5.670,0.150,458.56722116470337
1650901800.057079,1111,0.341,155,125,0.026,5.681,0.150,458.9114770889282
1650901800.402147,1111,0.341,155,130,0.025,5.688,0.140,459.2565450668335
1650901800.745603,1111,0.341,155,135,0.027,5.689,0.150,459.60000109672546
1650901801.085289,1111,0.341,155,140,0.027,5.719,0.150,459.9396870136261
1650901801.4290738,1111,0.341,155,145,0.025,5.684,0.140,460.28347182273865
1650901801.7733572,1111,0.341,155,150,0.026,5.679,0.150,460.6277551651001
1650901802.117902,1111,0.341,155,155,0.026,5.674,0.150,460.9723000526428
1650901802.4624078,1111,0.342,155,160,0.025,5.666,0.140,461.3168058395386
1650901802.805453,1111,0.341,155,165,0.025,5.657,0.140,461.65985107421875
1650901803.149305,1111,0.342,155,170,0.024,5.834,0.140,462.0037031173706
1650901803.4932191,1111,0.341,155,175,0.025,5.630,0.140,462.347617149353
1650901803.832984,1111,0.342,155,180,0.026,5.621,0.150,462.68738198280334
1650901805.979306,1111,2.143,160,0,0.020,4.904,0.100,464.833703994751
1650901806.324416,1111,0.339,160,5,0.020,4.925,0.100,465.1788139343262
1650901806.663339,1111,0.339,160,10,0.020,4.909,0.100,465.5177369117737
1650901807.007406,1111,0.340,160,15,0.020,5.026,0.100,465.8618040084839
1650901807.348465,1111,0.340,160,20,0.025,5.240,0.130,466.20286297798157
1650901807.691355,1111,0.340,160,25,0.024,5.173,0.130,466.54575300216675
1650901808.035821,1111,0.340,160,30,0.021,5.145,0.120,466.8902189731598
1650901808.37618,1111,0.340,160,35,0.022,5.100,0.120,467.23057794570923
1650901808.720852,1111,0.341,160,40,0.017,4.728,0.080,467.5752499103546
1650901809.060815,1111,0.340,160,45,0.017,4.695,0.080,467.91521310806274
1650901809.404654,1111,0.341,160,50,0.021,4.668,0.100,468.25905203819275
1650901809.7474601,1111,0.340,160,55,0.020,4.645,0.090,468.6018581390381
1650901810.0877252,1111,0.340,160,60,0.019,4.921,0.120,468.94212317466736
1650901810.431346,1111,0.340,160,65,0.021,5.201,0.120,469.2857439517975
1650901810.7764668,1111,0.340,160,70,0.025,5.459,0.140,469.6308648586273
1650901811.1157608,1111,0.340,160,75,0.024,5.320,0.130,469.9701588153839
1650901811.459697,1111,0.340,160,80,0.024,5.396,0.130,470.3140950202942
1650901811.800524,1111,0.341,160,85,0.024,5.468,0.130,470.6549220085144
1650901812.1444218,1111,0.340,160,90,0.025,5.536,0.140,470.99881982803345
1650901812.488642,1111,0.341,160,95,0.026,5.564,0.150,471.34303998947144
1650901812.827411,1111,0.340,160,100,0.026,5.910,0.150,471.68180894851685
1650901813.172789,1111,0.342,160,105,0.026,5.636,0.150,472.02718710899353
1650901813.515533,1111,0.341,160,110,0.026,5.641,0.150,472.3699309825897
1650901813.860558,1111,0.342,160,115,0.026,5.656,0.150,472.71495604515076
1650901814.204864,1111,0.341,160,120,0.026,5.663,0.150,473.0592620372772
1650901814.5486012,1111,0.342,160,125,0.025,5.673,0.140,473.40299916267395
1650901814.892726,1111,0.341,160,130,0.026,5.789,0.150,473.7471239566803
1650901815.2315378,1111,0.342,160,135,0.026,5.677,0.150,474.08593583106995
1650901815.576234,1111,0.341,160,140,0.027,5.675,0.150,474.4306321144104
1650901815.919946,1111,0.342,160,145,0.027,5.674,0.150,474.77434396743774
1650901816.264873,1111,0.341,160,150,0.025,5.668,0.140,475.11927103996277
1650901816.608366,1111,0.341,160,155,0.025,5.758,0.140,475.4627640247345
1650901816.9521909,1111,0.341,160,160,0.025,5.655,0.140,475.80658888816833
1650901817.29635,1111,0.341,160,165,0.026,5.643,0.150,476.1507480144501
1650901817.641345,1111,0.341,160,170,0.029,5.630,0.170,476.49574303627014
1650901817.9800608,1111,0.341,160,175,0.026,5.619,0.150,476.8344588279724
1650901818.325322,1111,0.341,160,180,0.026,5.610,0.150,477.17971992492676
1650901820.470276,1111,2.144,165,0,0.022,5.134,0.120,479.3246741294861
1650901820.814959,1111,0.339,165,5,0.022,5.288,0.120,479.6693570613861
1650901821.1552792,1111,0.340,165,10,0.024,5.256,0.130,480.00967717170715
1650901821.499725,1111,0.340,165,15,0.022,5.191,0.120,480.35412311553955
1650901821.8379898,1111,0.341,165,20,0.021,5.073,0.100,480.69238781929016
1650901822.183232,1111,0.340,165,25,0.020,4.808,0.100,481.03763008117676
1650901822.522631,1111,0.340,165,30,0.020,4.779,0.090,481.37702894210815
1650901822.867151,1111,0.340,165,35,0.019,4.746,0.090,481.72154903411865
1650901823.210759,1111,0.340,165,40,0.020,4.714,0.100,482.0651569366455
1650901823.55106,1111,0.340,165,45,0.021,5.020,0.100,482.4054579734802
1650901823.894254,1111,0.340,165,50,0.020,4.976,0.100,482.74865198135376
1650901824.2393181,1111,0.341,165,55,0.020,4.935,0.100,483.09371614456177
1650901824.578064,1111,0.340,165,60,0.017,4.738,0.080,483.432461977005
1650901824.923075,1111,0.341,165,65,0.020,4.894,0.100,483.7774729728699
1650901825.2621608,1111,0.340,165,70,0.022,5.159,0.120,484.1165587902069
1650901825.60698,1111,0.341,165,75,0.022,5.335,0.120,484.4613780975342
1650901825.951117,1111,0.340,165,80,0.025,5.431,0.140,484.80551505088806
1650901826.291382,1111,0.340,165,85,0.027,5.689,0.150,485.14578008651733
1650901826.634828,1111,0.340,165,90,0.029,5.544,0.150,485.489226102829
1650901826.974108,1111,0.340,165,95,0.024,5.570,0.130,485.8285059928894
1650901827.3182552,1111,0.340,165,100,0.026,5.603,0.140,486.1726531982422
1650901827.663091,1111,0.341,165,105,0.025,5.626,0.140,486.5174889564514
1650901828.007631,1111,0.341,165,110,0.024,5.635,0.130,486.86202907562256
1650901828.350265,1111,0.341,165,115,0.026,5.649,0.150,487.2046630382538
1650901828.695797,1111,0.341,165,120,0.027,5.661,0.150,487.550194978714
1650901829.0384572,1111,0.341,165,125,0.027,5.665,0.150,487.8928551673889
1650901829.3787808,1111,0.341,165,130,0.026,5.659,0.150,488.23317885398865
1650901829.722409,1111,0.341,165,135,0.025,5.669,0.140,488.5768070220947
1650901830.067652,1111,0.341,165,140,0.027,5.660,0.150,488.92204999923706
1650901830.4108732,1111,0.342,165,145,0.027,5.663,0.150,489.2652711868286
1650901830.754921,1111,0.341,165,150,0.027,5.657,0.150,489.6093189716339
1650901831.098987,1111,0.342,165,155,0.026,5.650,0.150,489.9533851146698
1650901831.4440231,1111,0.341,165,160,0.026,5.641,0.150,490.2984211444855
1650901831.786912,1111,0.342,165,165,0.026,5.634,0.150,490.64130997657776
1650901832.131232,1111,0.341,165,170,0.026,5.618,0.150,490.9856300354004
1650901832.470458,1111,0.342,165,175,0.027,5.770,0.150,491.32485604286194
1650901832.815665,1111,0.341,165,180,0.025,5.594,0.140,491.6700630187988
1650901834.961944,1111,2.144,170,0,0.020,4.894,0.100,493.8163421154022
1650901835.30599,1111,0.339,170,5,0.020,4.916,0.100,494.1603879928589
1650901835.645013,1111,0.339,170,10,0.019,4.899,0.090,494.4994111061096
1650901835.989113,1111,0.340,170,15,0.019,4.860,0.090,494.84351110458374
1650901836.3295538,1111,0.340,170,20,0.020,4.838,0.100,495.1839518547058
1650901836.672781,1111,0.340,170,25,0.019,4.899,0.090,495.52717900276184
1650901837.012824,1111,0.340,170,30,0.022,5.141,0.120,495.86722207069397
1650901837.357554,1111,0.341,170,35,0.020,5.076,0.120,496.2119519710541
1650901837.701735,1111,0.339,170,40,0.021,5.028,0.100,496.5561330318451
1650901838.0409238,1111,0.341,170,45,0.020,4.710,0.090,496.8953218460083
1650901838.385352,1111,0.340,170,50,0.017,4.655,0.080,497.23974990844727
1650901838.725444,1111,0.341,170,55,0.017,4.644,0.080,497.5798420906067
1650901839.069581,1111,0.340,170,60,0.019,4.794,0.090,497.92397904396057
1650901839.414403,1111,0.340,170,65,0.020,5.021,0.100,498.2688009738922
1650901839.753094,1111,0.340,170,70,0.024,5.420,0.130,498.60749197006226
1650901840.098325,1111,0.340,170,75,0.027,5.688,0.150,498.95272302627563
1650901840.4416618,1111,0.340,170,80,0.024,5.451,0.130,499.29605984687805
1650901840.780619,1111,0.340,170,85,0.025,5.496,0.140,499.6350169181824
1650901841.125846,1111,0.341,170,90,0.024,5.543,0.130,499.9802439212799
1650901841.46516,1111,0.340,170,95,0.025,5.574,0.140,500.31955790519714
1650901841.808815,1111,0.341,170,100,0.026,5.601,0.140,500.66321301460266
1650901842.154391,1111,0.341,170,105,0.026,5.688,0.150,501.0087890625
1650901842.497419,1111,0.342,170,110,0.025,5.638,0.140,501.3518171310425
1650901842.841043,1111,0.341,170,115,0.025,5.646,0.140,501.69544100761414
1650901843.1849148,1111,0.342,170,120,0.026,5.654,0.150,502.03931283950806
1650901843.525368,1111,0.341,170,125,0.026,5.659,0.150,502.37976598739624
1650901843.870044,1111,0.341,170,130,0.025,5.657,0.150,502.72444200515747
1650901844.2130299,1111,0.341,170,135,0.027,5.731,0.150,503.06742787361145
1650901844.558541,1111,0.341,170,140,0.026,5.657,0.150,503.4129390716553
1650901844.90195,1111,0.341,170,145,0.026,5.653,0.150,503.7563478946686
1650901845.246401,1111,0.341,170,150,0.027,5.645,0.150,504.1007990837097
1650901845.58977,1111,0.341,170,155,0.026,5.639,0.150,504.4441680908203
1650901845.9340842,1111,0.341,170,160,0.024,5.629,0.140,504.78848218917847
1650901846.277448,1111,0.341,170,165,0.027,5.686,0.150,505.1318459510803
1650901846.617138,1111,0.341,170,170,0.025,5.599,0.140,505.4715359210968
1650901846.962323,1111,0.341,170,175,0.026,5.585,0.140,505.8167209625244
1650901847.306132,1111,0.341,170,180,0.026,5.578,0.140,506.16053009033203
1650901849.451404,1111,2.143,175,0,0.019,4.898,0.090,508.3058021068573
1650901849.792156,1111,0.339,175,5,0.021,4.927,0.100,508.6465539932251
1650901850.1367402,1111,0.339,175,10,0.020,4.899,0.100,508.9911382198334
1650901850.476017,1111,0.341,175,15,0.022,5.199,0.120,509.33041501045227
1650901850.8207,1111,0.340,175,20,0.022,5.157,0.120,509.6750979423523
1650901851.1645691,1111,0.341,175,25,0.022,5.096,0.120,510.01896715164185
1650901851.503941,1111,0.340,175,30,0.022,5.075,0.120,510.3583390712738
1650901851.8480551,1111,0.341,175,35,0.019,4.733,0.090,510.7024531364441
1650901852.1927848,1111,0.340,175,40,0.017,4.699,0.080,511.0471827983856
1650901852.531446,1111,0.340,175,45,0.017,4.668,0.080,511.3858439922333
1650901852.8766139,1111,0.340,175,50,0.017,4.689,0.080,511.7310118675232
1650901853.216141,1111,0.340,175,55,0.020,4.986,0.100,512.0705389976501
1650901853.560566,1111,0.340,175,60,0.022,5.225,0.120,512.4149639606476
1650901853.903957,1111,0.340,175,65,0.024,5.423,0.130,512.7583549022675
1650901854.243777,1111,0.340,175,70,0.024,5.400,0.130,513.0981750488281
1650901854.5887911,1111,0.340,175,75,0.022,5.368,0.120,513.4431891441345
1650901854.9317482,1111,0.341,175,80,0.022,5.448,0.130,513.7861461639404
1650901855.271553,1111,0.340,175,85,0.025,5.493,0.140,514.125951051712
1650901855.6165252,1111,0.341,175,90,0.026,5.548,0.140,514.4709231853485
1650901855.955971,1111,0.340,175,95,0.025,5.653,0.140,514.81036901474
1650901856.30001,1111,0.341,175,100,0.026,5.605,0.140,515.1544079780579
1650901856.644282,1111,0.341,175,105,0.025,5.621,0.140,515.4986801147461
1650901856.988927,1111,0.342,175,110,0.025,5.629,0.140,515.8433248996735
1650901857.331873,1111,0.341,175,115,0.026,5.635,0.150,516.1862709522247
1650901857.675929,1111,0.342,175,120,0.025,5.631,0.140,516.5303270816803
1650901858.015768,1111,0.341,175,125,0.025,5.691,0.140,516.8701660633087
1650901858.361134,1111,0.342,175,130,0.025,5.630,0.140,517.2155320644379
1650901858.704074,1111,0.341,175,135,0.026,5.649,0.150,517.5584719181061
1650901859.0477161,1111,0.342,175,140,0.025,5.638,0.140,517.9021141529083
1650901859.392884,1111,0.341,175,145,0.024,5.638,0.150,518.2472820281982
1650901859.735785,1111,0.341,175,150,0.025,5.628,0.140,518.5901830196381
1650901860.0810182,1111,0.341,175,155,0.027,5.620,0.150,518.9354162216187
1650901860.4249432,1111,0.341,175,160,0.025,5.609,0.150,519.2793412208557
1650901860.764796,1111,0.341,175,165,0.025,5.598,0.140,519.6191940307617
1650901861.1084852,1111,0.341,175,170,0.026,5.579,0.140,519.962883234024
1650901861.452849,1111,0.341,175,175,0.025,5.564,0.140,520.3072469234467
1650901861.797049,1111,0.341,175,180,0.026,5.571,0.140,520.651447057724
1650901863.942114,1111,2.144,180,0,0.021,4.899,0.100,522.7965121269226
1650901864.2820501,1111,0.340,180,5,0.022,5.240,0.120,523.1364481449127
1650901864.626765,1111,0.339,180,10,0.022,5.215,0.120,523.4811630249023
1650901864.966808,1111,0.341,180,15,0.021,4.856,0.100,523.8212060928345
1650901865.3101199,1111,0.340,180,20,0.019,4.830,0.090,524.1645178794861
1650901865.655369,1111,0.340,180,25,0.017,4.789,0.090,524.5097670555115
1650901865.99512,1111,0.340,180,30,0.019,4.760,0.090,524.8495180606842
1650901866.338688,1111,0.340,180,35,0.019,4.782,0.090,525.1930859088898
1650901866.678665,1111,0.340,180,40,0.020,5.039,0.100,525.5330629348755
1650901867.0230541,1111,0.340,180,45,0.020,4.981,0.100,525.8774521350861
1650901867.3679512,1111,0.341,180,50,0.021,4.931,0.100,526.2223491668701
1650901867.706143,1111,0.340,180,55,0.020,4.721,0.090,526.5605409145355
1650901868.051287,1111,0.341,180,60,0.020,4.935,0.100,526.9056849479675
1650901868.395066,1111,0.340,180,65,0.021,5.096,0.100,527.2494640350342
1650901868.734328,1111,0.341,180,70,0.022,5.288,0.130,527.5887260437012
1650901869.079681,1111,0.340,180,75,0.024,5.391,0.130,527.9340789318085
1650901869.418724,1111,0.340,180,80,0.026,5.809,0.150,528.2731220722198
1650901869.7632902,1111,0.340,180,85,0.027,5.823,0.170,528.6176881790161
1650901870.106485,1111,0.340,180,90,0.024,5.548,0.130,528.9608829021454
1650901870.446113,1111,0.340,180,95,0.025,5.570,0.140,529.3005111217499
1650901870.790488,1111,0.340,180,100,0.025,5.591,0.140,529.6448860168457
1650901871.135028,1111,0.341,180,105,0.026,5.611,0.150,529.9894258975983
1650901871.478407,1111,0.341,180,110,0.027,5.650,0.150,530.3328049182892
1650901871.822468,1111,0.341,180,115,0.025,5.626,0.140,530.6768660545349
1650901872.163079,1111,0.341,180,120,0.024,5.631,0.130,531.0174770355225
1650901872.507432,1111,0.341,180,125,0.025,5.636,0.140,531.361829996109
1650901872.851291,1111,0.341,180,130,0.025,5.631,0.140,531.7056889533997
1650901873.1959019,1111,0.341,180,135,0.025,5.629,0.140,532.0502998828888
1650901873.539637,1111,0.341,180,140,0.027,5.634,0.150,532.3940351009369
1650901873.8839738,1111,0.341,180,145,0.027,5.630,0.150,532.7383718490601
1650901874.227702,1111,0.341,180,150,0.026,5.610,0.150,533.0820999145508
1650901874.5713239,1111,0.341,180,155,0.025,5.604,0.140,533.4257218837738
1650901874.915295,1111,0.342,180,160,0.025,5.589,0.140,533.7696928977966
1650901875.254814,1111,0.341,180,165,0.026,5.575,0.140,534.1092119216919
1650901875.599521,1111,0.342,180,170,0.026,5.590,0.140,534.4539189338684
1650901875.94321,1111,0.341,180,175,0.026,5.541,0.140,534.7976078987122
